t,ax,ay,az,gx,gy,gz,mag_valid,mx,my,mz,
5017,-1516,568,16143,-78,-24,111,1,23,1565,297,
5027,-1512,568,16145,-77,-26,114,1,23,1555,301,
5037,-1507,561,16136,-78,-24,109,1,16,1562,296,
5047,-1503,559,16141,-77,-21,108,1,23,1563,303,
5057,-1509,558,16131,-80,-21,109,1,27,1561,301,
5067,-1503,559,16143,-81,-21,108,1,15,1555,301,
5077,-1508,558,16149,-80,-23,107,1,28,1566,312,
5087,-1508,568,16142,-79,-22,108,1,17,1563,303,
5097,-1507,556,16130,-81,-23,107,1,21,1561,301,
5107,-1507,561,16143,-81,-23,108,1,19,1555,297,
5117,-1506,560,16141,-80,-21,110,1,23,1561,301,
5127,-1511,563,16143,-79,-20,112,1,25,1565,299,
5137,-1506,561,16147,-79,-21,111,1,26,1560,302,
5147,-1505,569,16139,-76,-19,109,1,18,1562,300,
5157,-1507,574,16156,-77,-20,108,1,24,1570,298,
5167,-1511,580,16157,-76,-22,107,1,33,1555,297,
5177,-1502,580,16145,-77,-23,108,1,27,1559,301,
5187,-1509,582,16141,-76,-21,108,1,19,1567,301,
5197,-1508,576,16144,-75,-20,112,1,20,1562,296,
5207,-1507,579,16131,-76,-19,110,1,20,1562,302,
5217,-1509,574,16133,-74,-21,109,1,20,1562,296,
5227,-1506,575,16130,-74,-25,109,1,26,1568,296,
5237,-1502,583,16137,-78,-22,107,1,28,1566,302,
5247,-1503,583,16137,-76,-18,108,1,30,1570,302,
5257,-1505,591,16139,-78,-23,108,1,23,1567,303,
5267,-1505,587,16140,-81,-24,110,1,21,1567,297,
5277,-1504,572,16141,-82,-23,111,1,24,1562,298,
5288,-1507,568,16153,-83,-24,110,1,21,1563,303,
5298,-1506,569,16144,-82,-22,110,1,24,1564,292,
5308,-1514,571,16136,-86,-21,110,1,20,1564,296,
5318,-1505,571,16133,-83,-20,107,1,20,1556,296,
5328,-1504,570,16129,-87,-21,108,1,24,1558,304,
5338,-1503,571,16133,-85,-21,112,1,24,1568,298,
5349,-1507,574,16144,-82,-21,111,1,21,1561,297,
5359,-1502,580,16145,-82,-20,110,1,17,1561,309,
5369,-1507,581,16145,-82,-20,107,1,21,1563,303,
5379,-1514,580,16145,-79,-17,107,1,24,1562,292,
5390,-1529,573,16141,-80,-18,109,1,18,1560,294,
5400,-1522,580,16141,-81,-18,109,1,20,1564,298,
5410,-1519,581,16151,-83,-19,111,1,14,1564,300,
5420,-1521,573,16146,-85,-20,108,1,23,1557,299,
5430,-1518,573,16151,-83,-19,106,1,24,1564,294,
5440,-1519,576,16157,-82,-19,103,1,32,1560,304,
5450,-1520,577,16152,-79,-21,105,1,19,1569,299,
5461,-1526,574,16136,-81,-21,106,1,27,1563,303,
5471,-1525,568,16129,-81,-24,107,1,21,1553,295,
5481,-1517,565,16134,-80,-22,106,1,18,1554,308,
5491,-1509,563,16142,-79,-22,107,1,17,1559,297,
5501,-1509,563,16140,-78,-26,111,1,18,1558,302,
5512,-1512,566,16147,-81,-26,108,1,30,1562,298,
5522,-1513,575,16145,-82,-24,106,1,24,1568,300,
5532,-1509,570,16148,-78,-29,108,1,20,1560,290,
5542,-1506,574,16142,-80,-30,105,1,16,1568,296,
5552,-1508,575,16139,-78,-25,105,1,22,1558,300,
5562,-1506,573,16139,-77,-24,108,1,22,1562,298,
5572,-1509,575,16137,-78,-24,107,1,17,1559,305,
5583,-1510,580,16133,-81,-26,107,1,15,1559,305,
5593,-1506,577,16134,-80,-25,105,1,21,1567,299,
5603,-1511,575,16122,-79,-25,107,1,21,1561,303,
5613,-1508,566,16133,-77,-25,103,1,19,1557,293,
5634,-1514,566,16136,-78,-27,100,1,25,1565,295,
5654,-1508,571,16144,-74,-24,105,1,23,1563,297,
5674,-1509,570,16139,-78,-24,107,1,23,1567,293,
5694,-1502,565,16147,-76,-23,105,1,17,1561,299,
5715,-1513,565,16143,-79,-22,107,1,27,1561,297,
5735,-1508,569,16137,-77,-25,112,1,23,1559,297,
5756,-1509,573,16147,-79,-21,111,1,23,1563,305,
5776,-1516,572,16150,-78,-19,108,1,14,1562,304,
5796,-1510,580,16136,-78,-20,103,1,19,1563,303,
5817,-1514,578,16140,-76,-21,108,1,12,1564,304,
5837,-1523,577,16141,-75,-23,109,1,14,1560,302,
5857,-1520,576,16133,-73,-20,109,1,26,1560,304,
5878,-1523,584,16144,-74,-22,105,1,25,1559,289,
5898,-1517,580,16138,-78,-23,105,1,19,1561,299,
5919,-1515,585,16137,-74,-25,108,1,25,1561,299,
5939,-1518,585,16117,-77,-23,106,1,21,1565,299,
5959,-1512,586,16118,-81,-21,103,1,17,1567,299,
5979,-1514,584,16116,-82,-18,114,1,32,1558,300,
6000,-1518,580,16122,-80,-20,109,1,21,1559,303,
6020,-1507,578,16120,-80,-20,109,1,21,1565,303,
6041,-1500,582,16123,-81,-21,107,1,20,1558,298,
6061,-1514,569,16124,-76,-20,110,1,23,1557,303,
6082,-1507,573,16135,-79,-21,110,1,27,1565,301,
6102,-1508,564,16142,-78,-21,106,1,20,1562,304,
6122,-1508,556,16148,-82,-23,104,1,20,1560,306,
6142,-1506,556,16151,-80,-25,103,1,32,1560,294,
6163,-1511,578,16147,-82,-22,104,1,28,1562,298,
6184,-1515,578,16134,-83,-22,106,1,25,1567,301,
6204,-1511,579,16129,-83,-20,107,1,16,1570,300,
6224,-1516,575,16116,-79,-23,111,1,27,1563,301,
6244,-1506,571,16125,-76,-23,109,1,26,1562,296,
6265,-1509,581,16140,-73,-19,112,1,25,1565,303,
6285,-1504,561,16139,-76,-26,110,1,26,1554,296,
6306,-1516,561,16142,-76,-24,110,1,21,1559,305,
6326,-1511,570,16139,-82,-23,110,1,20,1560,304,
6346,-1506,564,16141,-85,-21,114,1,19,1563,299,
6367,-1508,564,16126,-82,-22,112,1,19,1565,293,
6387,-1502,561,16120,-87,-19,112,1,21,1561,297,
6407,-1505,558,16137,-88,-19,114,1,16,1566,302,
6428,-1506,565,16131,-84,-20,107,1,23,1569,307,
6448,-1504,563,16127,-78,-20,108,1,25,1555,297,
6469,-1505,556,16128,-82,-19,112,1,26,1564,304,
6489,-1504,567,16127,-84,-23,113,1,25,1565,311,
6509,-1503,566,16127,-83,-23,110,1,22,1572,294,
6529,-1498,556,16134,-93,-24,110,1,29,1563,299,
6550,-1503,570,16148,-89,-23,107,1,25,1567,293,
6570,-1508,562,16135,-68,-24,106,1,27,1561,299,
6591,-1501,561,16139,-73,-29,105,1,24,1560,298,
6611,-1493,567,16138,-87,-19,108,1,22,1556,292,
6631,-1505,571,16126,-86,-20,103,1,30,1562,306,
6652,-1495,580,16136,-72,-23,103,1,14,1560,296,
6672,-1490,574,16134,-87,-25,108,1,30,1556,300,
6692,-1514,560,16127,-96,-14,101,1,32,1564,300,
6713,-1513,589,16144,-91,-26,121,1,25,1569,293,
6733,-1522,543,16120,-82,-25,120,1,20,1564,300,
6754,-1511,566,16137,-76,-20,109,1,20,1554,304,
6774,-1514,553,16144,-78,-21,116,1,29,1565,293,
6794,-1508,557,16140,-83,-19,112,1,27,1561,293,
6815,-1509,574,16139,-74,-20,116,1,24,1556,300,
6835,-1506,573,16124,-69,-20,111,1,22,1568,296,
6855,-1547,556,16139,-55,-7,130,1,22,1566,296,
6876,-1531,627,16173,-2,-59,178,1,26,1566,302,
6896,-1516,616,16177,30,-122,182,1,24,1562,296,
6917,-1463,562,16145,32,-157,139,1,20,1564,298,
6937,-1418,477,16133,-68,-81,139,1,29,1561,297,
6957,-1394,412,16113,-248,73,97,1,27,1565,307,
6978,-1506,628,16170,-366,148,154,1,17,1555,299,
6998,-1690,560,16156,-243,34,90,1,29,1561,293,
7018,-1645,577,16145,61,25,-17,1,27,1567,303,
7039,-1453,633,16189,50,-63,1,1,23,1559,307,
7059,-1495,443,16134,-110,10,54,1,28,1560,306,
7079,-1471,645,16146,-147,27,64,1,25,1569,303,
7100,-1511,591,16133,-122,-31,123,1,31,1559,309,
7120,-1484,536,16105,-141,-32,116,1,27,1555,301,
7141,-1515,647,16186,-96,18,166,1,21,1563,311,
7161,-1562,554,16119,-15,-42,207,1,18,1562,304,
7181,-1504,544,16148,-28,-39,171,1,27,1559,303,
7201,-1586,593,16131,-42,-18,144,1,27,1553,297,
7222,-1547,667,16159,57,-77,57,1,27,1561,301,
7243,-1517,558,16134,80,-117,-2,1,21,1563,299,
7263,-1542,525,16154,109,-97,-20,1,22,1558,296,
7283,-1516,618,16171,207,-128,-21,1,20,1564,306,
7303,-1544,729,16156,343,-235,-30,1,26,1560,302,
7324,-1520,772,16235,456,-458,-46,1,19,1555,305,
7344,-1422,549,16245,637,-725,-18,1,28,1554,296,
7365,-1307,356,16147,695,-765,54,1,27,1557,293,
7385,-1197,188,16136,519,-544,65,1,18,1558,302,
7405,-1116,180,16309,279,-394,156,1,24,1552,302,
7425,-1026,160,16571,85,-728,365,1,27,1549,295,
7446,-1150,367,16697,40,-1190,510,1,18,1552,300,
7467,-1223,390,16978,34,-1361,479,1,26,1550,300,
7487,-1353,200,17158,169,-1482,406,1,24,1550,300,
7507,-1396,173,17334,369,-1519,258,1,28,1550,298,
7527,-1333,41,17434,552,-1484,118,1,13,1551,299,
7548,-1269,78,17209,620,-1264,48,1,19,1551,303,
7568,-1297,212,16824,508,-712,-17,1,22,1548,302,
7588,-1471,212,16541,294,196,-207,1,15,1549,303,
7609,-1556,145,16403,62,1113,-412,1,26,1550,302,
7629,-1476,155,16329,-204,1799,-550,1,26,1556,296,
7650,-1340,284,16330,-462,2167,-580,1,25,1549,301,
7670,-1329,334,16386,-596,2169,-545,1,28,1558,292,
7691,-1466,362,16474,-601,1804,-495,1,21,1551,297,
7711,-1537,412,16576,-500,1247,-485,1,26,1554,306,
7731,-1495,397,16612,-362,809,-478,1,29,1553,301,
7751,-1470,387,16542,-267,455,-424,1,28,1550,300,
7772,-1463,390,16396,-192,147,-322,1,20,1552,296,
7792,-1455,400,16236,-106,-65,-241,1,11,1563,301,
7812,-1476,464,16095,-15,-220,-208,1,24,1558,300,
7833,-1415,416,15990,5,-392,-86,1,27,1547,291,
7853,-1247,385,15902,-3,-528,128,1,21,1559,297,
7874,-1169,368,15776,11,-659,326,1,22,1554,290,
7894,-1145,421,15802,55,-817,471,1,22,1554,298,
7914,-1061,462,15837,77,-1056,644,1,26,1562,304,
7935,-1018,408,15774,46,-1324,846,1,18,1558,298,
7955,-1029,266,15644,-94,-1663,1139,1,23,1549,297,
7975,-1095,101,15591,-272,-1938,1431,1,21,1551,293,
7996,-1077,-10,15725,-386,-2026,1690,1,26,1552,300,
8016,-1060,-50,15891,-491,-1944,1934,1,28,1546,300,
8037,-1050,-120,15975,-539,-1626,2128,1,16,1546,300,
8057,-1130,-191,15978,-579,-1142,2300,1,24,1548,288,
8077,-1312,-219,15856,-632,-594,2432,1,27,1559,299,
8098,-1451,-195,15769,-698,-123,2458,1,29,1553,293,
8118,-1463,-273,15718,-744,356,2509,1,21,1549,293,
8138,-1437,-384,15733,-765,660,2644,1,27,1547,295,
8159,-1480,-406,15796,-780,760,2858,1,31,1545,295,
8179,-1557,-302,15884,-782,708,3082,1,21,1551,293,
8199,-1582,-219,15923,-720,635,3295,1,21,1543,293,
8220,-1590,-164,15983,-561,616,3431,1,29,1549,297,
8240,-1600,1,16049,-376,593,3536,1,25,1547,293,
8260,-1546,113,16067,-224,543,3637,1,29,1545,295,
8281,-1453,5,16077,-93,450,3806,1,21,1543,287,
8301,-1467,-111,16031,11,305,4027,1,31,1547,293,
8322,-1573,-156,16032,25,148,4251,1,25,1537,293,
8342,-1668,-125,16018,-51,162,4393,1,28,1542,288,
8362,-1701,-80,15968,-221,403,4464,1,29,1541,297,
8383,-1655,-52,16002,-371,797,4472,1,21,1545,287,
8403,-1551,6,16083,-471,1179,4481,1,29,1537,303,
8424,-1481,38,16181,-522,1426,4569,1,27,1541,299,
8444,-1522,57,16230,-461,1569,4731,1,38,1532,296,
8464,-1695,163,16179,-334,1644,4809,1,24,1546,294,
8484,-1753,284,16114,-239,1623,4837,1,25,1539,299,
8505,-1678,289,16169,-162,1595,4901,1,37,1529,283,
8525,-1644,288,16174,-118,1536,4998,1,34,1542,284,
8546,-1588,305,16126,-84,1498,5118,1,29,1537,291,
8566,-1543,344,16129,-24,1432,5272,1,32,1524,288,
8586,-1655,515,16110,110,1316,5363,1,24,1530,294,
8607,-1793,606,16064,297,1119,5346,1,33,1537,285,
8627,-1759,486,16033,423,838,5345,1,36,1534,294,
8648,-1685,421,16048,509,595,5381,1,27,1531,285,
8668,-1547,399,16181,600,338,5429,1,28,1526,286,
8688,-1505,449,16281,808,78,5407,1,35,1527,287,
8709,-1557,557,16396,1065,-266,5402,1,31,1523,287,
8729,-1622,638,16445,1125,-708,5488,1,29,1527,297,
8749,-1635,533,16449,1041,-883,5534,1,32,1520,294,
8770,-1575,441,16385,933,-668,5456,1,37,1529,293,
8790,-1524,500,16253,791,-277,5271,1,30,1512,288,
8810,-1497,521,16028,617,0,5103,1,21,1519,291,
8831,-1413,473,15841,386,137,5047,1,30,1516,292,
8851,-1418,435,15764,99,246,5064,1,22,1518,292,
8871,-1408,349,15846,-108,491,5050,1,19,1509,287,
8892,-1488,352,15905,-273,758,4954,1,29,1515,293,
8912,-1555,456,15928,-439,892,4808,1,28,1510,292,
8933,-1509,607,16061,-570,855,4633,1,23,1503,287,
8953,-1397,779,16150,-635,722,4491,1,21,1509,291,
8973,-1345,831,16225,-559,461,4433,1,29,1511,279,
8994,-1391,692,16293,-225,158,4399,1,22,1510,290,
9014,-1517,459,16270,311,-258,4307,1,25,1501,291,
9034,-1588,266,16319,890,-839,4265,1,19,1507,285,
9055,-1563,149,16362,1293,-1365,4396,1,21,1513,285,
9075,-1611,33,16198,1540,-1594,4462,1,29,1495,291,
9095,-1587,-137,16074,1641,-1388,4410,1,24,1508,294,
9116,-1292,-373,16040,1487,-727,4481,1,24,1504,294,
9136,-1050,-406,16120,1122,314,4669,1,16,1496,292,
9157,-1187,-129,16161,543,1563,4821,1,34,1496,292,
9177,-1582,159,15815,-253,2490,4700,1,24,1504,280,
9197,-1516,311,15792,-919,2952,4480,1,33,1509,279,
9217,-1172,447,15736,-1481,2731,4437,1,21,1509,285,
9238,-770,497,15960,-1684,2151,4611,1,22,1506,284,
9258,-964,903,16153,-1569,1441,4791,1,28,1512,282,
9279,-1701,1135,15882,-1214,497,4605,1,22,1514,282,
9299,-2016,1097,15667,-889,-384,4167,1,24,1506,284,
9319,-1476,781,16207,-641,-419,3863,1,16,1502,280,
9340,-1050,378,16573,-685,138,4031,1,26,1516,276,
9360,-1363,91,16002,-1036,482,4349,1,28,1496,266,
9380,-730,84,16313,-713,902,4908,1,17,1503,285,
9401,-1043,-120,16679,-86,522,5777,1,14,1496,282,
9421,-1386,-67,16597,560,203,6477,1,21,1499,285,
9441,-1705,99,16501,1087,500,6800,1,25,1493,287,
9462,-1894,245,16377,1356,1017,6837,1,12,1482,290,
9482,-1864,521,16183,1504,1453,6683,1,10,1490,284,
9503,-1770,954,15999,1419,1659,6375,1,14,1492,288,
9523,-2109,958,15902,1106,1713,5939,1,17,1493,291,
9543,-2345,787,15661,518,1724,5402,1,12,1494,286,
9564,-2128,942,15703,-119,1650,4805,1,12,1492,292,
9584,-1858,1278,15865,-672,1188,4316,1,20,1488,284,
9604,-1575,1488,15977,-1005,565,3961,1,5,1495,283,
9625,-1446,1486,16095,-1084,-30,3694,1,8,1488,284,
9645,-1557,1256,16119,-978,-633,3535,1,16,1496,292,
9665,-1713,968,16039,-844,-1094,3414,1,11,1489,293,
9686,-1889,823,15999,-748,-1322,3255,1,22,1488,284,
9706,-2024,656,16042,-621,-1320,3051,1,20,1486,286,
9727,-2080,639,16025,-534,-1350,2871,1,14,1488,284,
9747,-2028,565,16013,-469,-1260,2640,1,12,1490,284,
9767,-2049,493,16108,-380,-957,2322,1,14,1484,278,
9787,-2090,439,16002,-389,-719,2051,1,10,1484,276,
9808,-1897,290,15951,-567,-453,1898,1,11,1485,279,
9828,-1667,91,16071,-794,-41,1896,1,17,1487,283,
9849,-1653,-2,16049,-935,141,2100,1,12,1488,276,
9869,-1642,188,15579,-1247,-134,2408,1,12,1486,284,
9889,-1672,104,15737,-1537,-12,2602,1,11,1483,273,
9910,-2124,183,15931,-1689,560,2533,1,21,1487,279,
9930,-2128,177,15947,-1646,399,2615,1,20,1488,278,
9950,-1934,214,16211,-1102,-6,2746,1,10,1486,276,
9960,-2025,204,16293,-778,-135,2784,1,16,1474,278,
9981,-2162,76,16369,-169,-197,2844,1,12,1486,270,
10002,-2240,-43,16238,283,-130,2936,1,17,1479,277,
10022,-1986,-151,16122,490,14,3100,1,18,1482,268,
10042,-1932,-149,15858,378,327,3326,1,16,1474,280,
10063,-2095,43,15449,-99,620,3519,1,13,1477,281,
10083,-2065,235,15085,-645,299,3711,1,10,1484,276,
10103,-1873,381,14988,-1070,-415,3943,1,12,1476,276,
10123,-1739,571,14966,-1420,-1394,4381,1,14,1480,280,
10144,-1612,676,15101,-1642,-2266,4798,1,16,1476,264,
10164,-1773,529,16017,-1568,-2525,5025,1,15,1475,271,
10185,-2387,422,17431,-1305,-1332,4986,1,12,1478,262,
10205,-2837,304,18139,-763,232,4785,1,9,1473,273,
10225,-3206,-41,18181,215,1329,4452,1,0,1486,266,
10246,-3303,-490,17883,1253,1966,4280,1,10,1484,276,
10266,-3147,-679,17281,1945,2358,4332,1,3,1471,287,
10287,-2945,-434,16469,2012,2805,4407,1,5,1473,277,
10307,-2708,-12,15810,1455,3231,4392,1,7,1471,279,
10327,-2531,241,15473,689,3351,4362,1,0,1480,276,
10348,-2450,70,15675,143,3126,4469,1,-3,1467,281,
10368,-2396,60,15922,48,2673,4743,1,4,1488,270,
10388,-2220,301,16090,443,2201,5016,1,6,1474,272,
10409,-2013,699,16307,982,1904,5267,1,2,1482,276,
10429,-2079,848,16259,1342,1972,5348,1,7,1471,277,
10449,-2123,828,16086,1373,2218,5309,1,-7,1469,275,
10470,-1861,731,16062,1158,2535,5273,1,-6,1468,282,
10490,-1825,846,16172,751,2936,5388,1,-8,1466,274,
10511,-2150,924,16348,272,3371,5472,1,-9,1465,273,
10531,-2483,1043,16384,49,3629,5348,1,-6,1474,282,
10551,-2519,1278,16197,73,3403,5124,1,-9,1473,281,
10572,-2396,1568,15857,113,2737,4959,1,-6,1468,282,
10592,-2268,1850,15558,98,2009,4744,1,-14,1464,280,
10612,-2253,2020,15381,48,1147,4506,1,-12,1470,290,
10633,-2213,2022,15143,-96,182,4351,1,-21,1469,283,
10653,-2071,1974,15091,-436,-471,4194,1,-16,1464,282,
10673,-2085,1972,15257,-844,-788,4006,1,-11,1459,287,
10694,-2153,1893,15475,-1033,-1015,3834,1,-10,1462,278,
10714,-2157,1739,15790,-977,-1461,3706,1,-17,1467,281,
10735,-2117,1299,16197,-598,-1899,3746,1,-19,1465,269,
10755,-2119,868,16489,-169,-2024,3927,1,-17,1465,283,
10775,-2310,435,16479,22,-1726,4197,1,-18,1464,278,
10796,-2594,182,16419,-13,-1303,4380,1,-14,1462,276,
10816,-2802,356,16488,-22,-794,4318,1,-21,1467,279,
10836,-2758,620,16683,279,-350,4114,1,-26,1456,264,
10857,-2568,910,16587,873,-206,3991,1,-25,1469,279,
10877,-2491,1072,16165,1433,-434,3946,1,-27,1465,271,
10897,-2660,963,15668,1565,-755,3858,1,-28,1464,266,
10918,-2763,517,15149,1084,-1151,3686,1,-26,1466,282,
10938,-2547,404,14679,-27,-1564,3584,1,-24,1460,270,
10959,-2029,560,14481,-1691,-1516,3576,1,-29,1469,269,
10979,-1975,270,14628,-3262,-998,3633,1,-24,1458,268,
10999,-2178,126,14873,-4501,-458,3837,1,-26,1468,268,
11020,-2498,191,15102,-5469,446,3988,1,-25,1469,277,
11040,-2893,146,15163,-6157,1756,3969,1,-27,1461,271,
11060,-3197,327,15440,-6457,2863,3971,1,-21,1467,271,
11080,-3627,582,15960,-6202,3768,3974,1,-29,1471,277,
11101,-4014,985,16337,-5216,4217,3857,1,-27,1463,275,
11121,-4261,1349,16615,-3582,3549,3633,1,-25,1471,271,
11142,-4544,1628,16782,-1596,2465,3089,1,-31,1461,275,
11162,-4487,1704,16878,490,1300,2074,1,-31,1465,279,
11182,-4241,1526,17025,2258,121,1059,1,-27,1467,275,
11203,-3910,1234,16981,3469,-932,325,1,-33,1471,275,
11223,-3779,835,16847,3917,-1852,-14,1,-30,1470,278,
11244,-3888,273,16548,4144,-2001,420,1,-30,1470,274,
11264,-3817,43,16287,3969,-1834,1545,1,-38,1464,264,
11284,-3769,31,15989,3211,-1498,2775,1,-30,1470,272,
11305,-3654,137,15791,2146,-1029,3804,1,-37,1463,275,
11325,-3521,305,15787,1069,-753,4633,1,-38,1470,280,
11345,-3497,452,15876,402,-680,5006,1,-38,1468,276,
11365,-3441,587,16000,257,-664,4976,1,-41,1463,271,
11386,-3398,658,16069,510,-686,4684,1,-41,1473,269,
11406,-3300,628,16106,929,-854,4390,1,-39,1461,281,
11427,-3232,524,16066,1323,-1042,4279,1,-47,1459,277,
11447,-3047,345,15995,1789,-1227,4377,1,-46,1462,274,
11467,-2921,174,15902,2262,-1162,4540,1,-49,1463,275,
11488,-2781,26,15750,2588,-986,4656,1,-59,1465,269,
11508,-2611,-102,15625,2691,-832,4760,1,-52,1462,266,
11528,-2471,-254,15520,2620,-579,4757,1,-45,1467,269,
11549,-2297,-409,15518,2381,-263,4733,1,-50,1464,278,
11569,-2164,-455,15531,1805,129,4784,1,-56,1460,276,
11589,-2050,-439,15444,806,298,4979,1,-56,1454,270,
11610,-2028,-483,15476,-239,589,5163,1,-63,1455,283,
11630,-2089,-430,15578,-1054,1192,5138,1,-61,1465,271,
11651,-2127,-299,15694,-1510,1561,4996,1,-61,1465,277,
11671,-2173,-213,15854,-1723,1670,4817,1,-53,1469,273,
11691,-2239,-93,16054,-1749,1673,4646,1,-60,1474,270,
11712,-2437,38,16213,-1439,1564,4462,1,-53,1467,283,
11732,-2594,92,16250,-829,1431,4226,1,-56,1472,284,
11752,-2650,103,16302,-103,1356,4089,1,-56,1470,276,
11772,-2696,172,16448,571,1287,4218,1,-59,1459,273,
11793,-2761,365,16474,1055,945,4526,1,-67,1469,269,
11813,-2701,405,16451,1292,480,4869,1,-62,1474,284,
11834,-2546,291,16221,1294,41,5246,1,-69,1473,281,
11854,-2448,186,16066,1097,-62,5542,1,-72,1466,276,
11874,-2413,0,15942,875,33,5863,1,-75,1475,283,
11895,-2254,-44,15920,613,211,6156,1,-84,1480,286,
11915,-2168,81,15929,299,318,6476,1,-78,1474,292,
11935,-2227,320,15875,56,370,6413,1,-81,1481,285,
11956,-2195,541,15791,-31,404,5813,1,-82,1476,282,
11976,-2193,653,15769,20,451,4920,1,-81,1483,281,
11997,-2207,681,15809,95,635,3864,1,-89,1475,277,
12017,-2180,617,15937,179,658,2877,1,-85,1477,279,
12037,-2171,462,16042,333,425,2222,1,-86,1474,286,
12057,-2077,262,16078,467,265,1847,1,-84,1480,280,
12078,-2268,-331,15905,431,385,1990,1,-78,1474,278,
12098,-2667,-568,15759,172,809,2547,1,-81,1479,279,
12119,-2898,-495,15865,-46,1171,3341,1,-86,1484,282,
12139,-2817,-157,16184,123,1401,3928,1,-84,1480,288,
12159,-2551,447,16397,497,940,3794,1,-85,1483,285,
12180,-2155,441,16571,994,323,3219,1,-83,1471,287,
12200,-1741,370,16558,1510,-172,2647,1,-85,1479,283,
12220,-1440,380,16417,1857,-503,2086,1,-84,1482,276,
12241,-1208,292,16305,1856,-640,1622,1,-94,1482,276,
12261,-1056,16,16151,1480,-898,1359,1,-92,1476,284,
12281,-1124,-367,15783,616,-1137,1605,1,-91,1485,281,
12302,-1201,-465,15599,-628,-1057,2205,1,-96,1480,284,
12322,-1211,-505,15618,-1885,-821,2644,1,-84,1476,276,
12343,-1318,-420,15756,-2847,-502,2742,1,-88,1486,278,
12363,-1669,-372,16121,-3393,-165,2567,1,-90,1476,282,
12383,-2124,-377,16351,-3304,26,2399,1,-86,1480,280,
12403,-2510,-319,16479,-2881,-155,2513,1,-90,1478,276,
12424,-2865,-352,16537,-2485,-389,2762,1,-89,1477,277,
12444,-3118,-550,16370,-2091,-531,3210,1,-84,1470,270,
12465,-3215,-526,16277,-1746,-412,3722,1,-81,1479,279,
12485,-3248,-444,16118,-1301,-236,3997,1,-85,1485,283,
12505,-3240,-399,16036,-680,-199,3952,1,-84,1480,280,
12526,-3172,-319,16155,378,-149,3622,1,-91,1477,273,
12546,-2964,-291,16218,1683,-170,3144,1,-89,1483,271,
12566,-2650,-273,16194,2940,-127,2534,1,-88,1482,282,
12586,-2299,-376,16126,3787,-44,2073,1,-81,1483,273,
12607,-1937,-480,16056,4167,-18,1902,1,-97,1473,277,
12627,-1626,-563,16054,4051,61,2025,1,-99,1475,283,
12648,-1412,-484,16046,3656,144,2302,1,-104,1486,280,
12668,-1289,-361,15877,2943,32,2374,1,-96,1486,278,
12688,-1302,-389,15712,1806,-13,2152,1,-97,1485,279,
12709,-1371,-584,15666,637,-95,1911,1,-99,1481,279,
12729,-1482,-831,15769,-351,-166,1970,1,-99,1489,285,
12749,-1675,-999,15952,-1049,12,2417,1,-97,1485,281,
12770,-1849,-967,16181,-1530,323,3152,1,-104,1480,278,
12790,-1999,-723,16290,-1696,397,3821,1,-100,1486,276,
12811,-2014,-611,16353,-1469,299,4155,1,-97,1487,275,
12831,-2010,-570,16264,-930,195,4235,1,-100,1484,276,
12851,-2017,-669,16189,-345,229,4212,1,-107,1483,279,
12871,-1972,-632,16088,192,399,4280,1,-105,1481,285,
12892,-1851,-550,15952,502,502,4407,1,-114,1488,276,
12912,-1665,-429,15867,520,629,4500,1,-112,1486,272,
12933,-1612,-398,15864,429,772,4484,1,-107,1489,277,
12953,-1649,-290,15848,137,765,4321,1,-104,1492,280,
12973,-1530,-324,15907,-269,676,3945,1,-111,1491,271,
12994,-1475,-271,16033,-556,745,3446,1,-107,1489,279,
13014,-1495,-250,16068,-643,860,2780,1,-104,1486,268,
13034,-1447,-220,16114,-690,904,2130,1,-111,1487,275,
13055,-1378,-245,16100,-876,833,1655,1,-109,1489,281,
13075,-1505,-183,16036,-1231,622,1367,1,-113,1495,273,
13095,-1683,-245,16044,-1642,393,1083,1,-102,1486,284,
13116,-1922,-471,15977,-1968,384,1016,1,-107,1489,275,
13136,-2232,-544,15956,-2168,690,1071,1,-113,1489,283,
13156,-2404,-571,15931,-2174,1306,1076,1,-103,1485,275,
13177,-2495,-274,15941,-1974,1745,1137,1,-106,1488,286,
13197,-2657,42,16104,-1660,1842,1272,1,-103,1491,281,
13218,-2761,343,16442,-1305,1587,1404,1,-98,1494,286,
13238,-2801,450,16665,-860,865,1496,1,-111,1491,283,
13258,-2739,482,16820,-479,50,1422,1,-100,1490,284,
13279,-2527,252,16722,-213,-597,1286,1,-102,1484,284,
13299,-2428,46,16470,-27,-972,1182,1,-103,1491,277,
13319,-2514,-111,16202,161,-1122,941,1,-108,1474,280,
13340,-2648,-256,16043,465,-1073,791,1,-103,1489,277,
13360,-2682,-409,15859,893,-924,661,1,-112,1490,278,
13380,-2719,-455,15637,1252,-622,441,1,-110,1486,278,
13401,-2611,-518,15546,1439,-135,200,1,-101,1487,285,
13421,-2302,-467,15502,1360,327,102,1,-106,1492,284,
13441,-1957,-256,15598,1056,554,203,1,-109,1491,291,
13462,-1834,-98,15800,484,492,418,1,-109,1485,289,
13482,-1796,-149,16029,-220,472,648,1,-103,1489,287,
13502,-1668,-173,16253,-883,557,828,1,-108,1490,284,
13523,-1522,-149,16379,-1271,532,983,1,-106,1482,294,
13543,-1611,-214,16406,-1378,584,1039,1,-98,1478,284,
13564,-1729,-536,16582,-1061,863,1187,1,-108,1490,294,
13584,-2215,94,16349,-172,828,1632,1,-115,1489,293,
13604,-2702,440,16039,816,123,2109,1,-103,1493,289,
13625,-2853,373,15870,1316,-358,2654,1,-97,1483,295,
13645,-2581,91,15678,1416,-198,2861,1,-105,1489,285,
13665,-2200,-179,15486,1071,586,2895,1,-111,1493,293,
13686,-1894,-375,15541,390,1823,2968,1,-108,1496,288,
13706,-1717,-247,15780,-200,2675,2897,1,-103,1493,287,
13726,-1698,-2,15856,-624,2868,2837,1,-112,1500,290,
13747,-1785,190,16035,-908,2562,2636,1,-110,1496,284,
13767,-1844,351,16157,-964,2059,2311,1,-110,1502,290,
13787,-2003,373,16215,-872,1591,1968,1,-105,1501,293,
13808,-2178,376,16243,-797,1408,1672,1,-102,1490,294,
13828,-2183,551,16214,-696,1230,1546,1,-106,1500,284,
13848,-2066,653,16106,-360,852,1747,1,-100,1504,292,
13869,-1987,674,15845,207,504,2268,1,-110,1494,296,
13889,-1861,619,15794,819,121,2947,1,-106,1504,294,
13910,-1769,456,15726,1541,-177,3719,1,-106,1504,290,
13930,-1799,183,15661,2010,56,4481,1,-112,1494,284,
13950,-1818,10,15720,1926,942,4946,1,-108,1510,282,
13970,-1726,-24,15969,1158,2088,4945,1,-114,1500,286,
13991,-1573,111,16354,-234,2904,4443,1,-111,1507,289,
14011,-1648,203,16614,-1741,3034,3651,1,-114,1504,296,
14032,-1624,406,16893,-2996,3075,2828,1,-111,1507,289,
14052,-1664,712,17060,-3742,3095,2214,1,-103,1509,291,
14072,-1993,914,17256,-3709,2623,1845,1,-110,1504,294,
14093,-2348,1099,17221,-2878,1742,1795,1,-107,1503,295,
14113,-2472,1238,17061,-1406,529,2129,1,-112,1518,288,
14133,-2678,1226,16765,24,-764,2672,1,-114,1508,296,
14154,-2782,1124,16424,1193,-1766,3327,1,-115,1519,295,
14174,-2717,1074,16190,2079,-2350,4102,1,-104,1500,296,
14194,-2715,1017,16011,2563,-2590,4844,1,-114,1504,294,
14215,-2766,901,16071,2764,-2633,5503,1,-115,1517,291,
14235,-2787,781,16190,2764,-2592,6069,1,-122,1514,294,
14256,-2732,728,16214,2576,-2588,6635,1,-120,1512,290,
14276,-2689,647,16157,2161,-2628,7203,1,-120,1510,298,
14296,-2586,563,16100,1633,-2462,7847,1,-119,1515,289,
14317,-2509,491,16147,1144,-2102,8544,1,-118,1512,288,
14337,-2579,324,16199,791,-1914,9065,1,-126,1508,290,
14357,-2650,193,16237,573,-1860,9404,1,-124,1514,290,
14378,-2649,66,16220,494,-1737,9639,1,-116,1514,284,
14398,-2652,-69,16115,440,-1585,9860,1,-119,1515,289,
14418,-2586,-203,16032,323,-1297,10072,1,-126,1514,288,
14439,-2577,-260,15831,105,-736,10301,1,-125,1521,297,
14459,-2700,-312,15666,-112,-191,10517,1,-128,1518,292,
14479,-2723,-357,15397,-265,312,10784,1,-133,1523,289,
14500,-2744,-349,15191,-290,999,11203,1,-122,1532,292,
14520,-2797,-299,15200,-101,1637,11616,1,-133,1529,293,
14541,-2693,-208,15306,370,1919,11971,1,-128,1542,292,
14561,-2503,-127,15415,1070,1789,12253,1,-132,1540,286,
14581,-2263,-149,15450,1664,1617,12460,1,-133,1539,275,
14602,-2067,-200,15465,2001,1626,12576,1,-116,1540,290,
14622,-1827,-268,15604,2144,1628,12533,1,-136,1542,286,
14642,-1519,-311,15746,2151,1588,12391,1,-137,1559,285,
14663,-1367,-332,15915,1880,1685,12096,1,-124,1550,292,
14683,-1111,-312,16181,1421,1771,11665,1,-131,1557,295,
14703,-807,-258,16420,874,1414,11149,1,-127,1557,293,
14724,-642,-294,16416,258,1110,10656,1,-133,1557,297,
14744,-597,-269,16439,-527,1138,10162,1,-127,1571,291,
14765,-486,-130,16500,-1132,1205,9796,1,-123,1565,297,
14785,-343,5,16442,-1411,912,9540,1,-126,1562,290,
14805,-252,-47,16468,-1403,461,9335,1,-119,1567,289,
14826,-278,-213,16347,-1370,262,9067,1,-123,1567,289,
14846,-466,-328,16346,-1415,242,8629,1,-121,1575,287,
14866,-631,-440,16377,-1484,204,8016,1,-120,1572,294,
14887,-771,-576,16338,-1543,153,7417,1,-126,1570,290,
14907,-1078,-610,16449,-1489,398,6850,1,-111,1579,283,
14927,-1416,-508,16594,-1051,537,6312,1,-120,1568,296,
14948,-1701,-358,16696,-202,161,5975,1,-111,1573,291,
14968,-1766,-257,16602,844,-328,5883,1,-119,1581,295,
14988,-1742,-230,16359,1813,-511,6084,1,-117,1581,295,
15009,-1623,-250,16208,2483,-445,6415,1,-125,1577,293,
15029,-1488,-395,16151,2939,-431,6701,1,-118,1580,290,
15050,-1337,-491,16103,3081,-362,6773,1,-118,1590,288,
15070,-1152,-557,16050,2865,-176,6721,1,-122,1580,292,
15090,-979,-540,16036,2422,216,6687,1,-122,1588,292,
15110,-888,-406,16170,1997,648,6683,1,-117,1587,289,
15131,-797,-277,16297,1740,684,6659,1,-122,1590,286,
15151,-692,-216,16337,1592,545,6723,1,-119,1591,285,
15172,-647,-229,16318,1378,466,6823,1,-115,1591,275,
15192,-577,-219,16388,1163,613,6915,1,-115,1593,279,
15212,-450,-189,16443,1022,679,6993,1,-117,1591,277,
15233,-334,-200,16463,825,598,6939,1,-110,1588,282,
15253,-205,-222,16516,692,511,6821,1,-112,1584,284,
15274,-160,-224,16572,639,130,6589,1,-116,1592,274,
15294,-121,-237,16592,712,-354,6246,1,-109,1597,283,
15314,-52,-252,16490,828,-705,5943,1,-110,1592,284,
15335,49,-260,16253,794,-797,5731,1,-104,1592,294,
15355,48,-241,15976,553,-688,5622,1,-105,1597,281,
15375,-93,-256,15963,352,-522,5595,1,-95,1587,281,
15396,-242,-302,15973,371,-439,5641,1,-112,1600,274,
15416,-273,-374,15944,559,-355,5759,1,-106,1598,274,
15436,-276,-463,15857,758,-242,5826,1,-102,1600,286,
15457,-274,-555,15710,911,-87,5816,1,-112,1594,286,
15477,-400,-365,15652,998,121,5809,1,-104,1602,284,
15497,-251,413,15683,1000,341,5832,1,-96,1604,276,
15518,360,923,15955,937,271,5900,1,-98,1598,282,
15538,516,872,16084,880,307,6043,1,-103,1607,275,
15559,392,478,16164,837,141,6157,1,-109,1603,273,
15579,284,107,16607,1068,73,6158,1,-90,1598,278,
15599,459,-206,16547,1737,-256,5948,1,-98,1612,274,
15620,739,-465,16096,2205,-343,5675,1,-97,1603,275,
15640,1084,-549,15834,2355,-315,5189,1,-109,1609,275,
15660,1291,-478,15785,2411,-251,4492,1,-105,1611,275,
15681,1468,-388,15853,2593,-177,3880,1,-111,1615,273,
15701,1529,-206,15936,2561,-208,3487,1,-102,1610,272,
15722,1563,-133,16287,2257,-338,3314,1,-97,1613,271,
15742,1418,-178,16483,1833,-437,3438,1,-99,1609,273,
15762,1355,-309,16444,1227,-325,3664,1,-104,1622,264,
15783,1341,-497,16270,614,-100,3835,1,-98,1612,272,
15803,1399,-648,16118,229,144,3861,1,-102,1616,270,
15823,1496,-612,15879,133,198,3778,1,-100,1608,272,
15844,1517,-606,15522,295,220,3566,1,-93,1621,269,
15864,1505,-518,15276,604,406,3298,1,-102,1614,280,
15884,1404,-287,15402,1159,754,3088,1,-94,1614,274,
15905,1332,-21,15641,1984,957,3154,1,-97,1617,277,
15925,1307,286,15808,2918,822,3394,1,-103,1619,273,
15945,1314,487,15806,3740,299,3631,1,-100,1614,272,
15966,1436,556,15753,4289,-297,3814,1,-108,1614,276,
15986,1764,702,15612,4447,-825,3917,1,-105,1617,277,
16007,2085,694,15606,4147,-1265,3954,1,-102,1612,280,
16027,2405,529,15660,3406,-1943,4085,1,-100,1618,284,
16047,2746,285,15863,2499,-2560,4002,1,-105,1613,277,
16068,2805,-180,16160,1613,-2645,3624,1,-103,1615,283,
16088,2873,-481,16483,882,-1898,3325,1,-102,1618,282,
16108,3090,-594,16634,107,-1013,3071,1,-100,1616,284,
16129,3326,-673,16691,-869,-454,2950,1,-104,1610,292,
16149,3511,-699,16769,-1947,-263,3010,1,-94,1610,282,
16170,3510,-609,16672,-2922,-22,3251,1,-106,1618,276,
16190,3375,-496,16532,-3775,222,3716,1,-98,1610,288,
16210,3207,-453,16329,-4383,501,4241,1,-97,1619,281,
16231,2959,-385,16179,-4575,696,4753,1,-93,1617,285,
16251,2671,-271,15892,-4368,768,5221,1,-89,1625,283,
16271,2248,-159,15748,-3876,666,5558,1,-86,1612,286,
16291,1814,-85,15651,-3125,632,5809,1,-85,1615,285,
16312,1490,-34,15601,-2133,724,5970,1,-94,1622,288,
16333,1353,105,15603,-1229,736,5954,1,-88,1618,288,
16353,1177,194,15619,-556,399,5834,1,-86,1620,292,
16373,1060,264,15643,-158,-77,5678,1,-83,1623,285,
16393,978,298,15751,11,-395,5450,1,-74,1622,288,
16414,874,296,15962,63,-502,5192,1,-77,1617,285,
16434,839,302,16101,-28,-393,4902,1,-81,1621,293,
16455,956,359,16236,-231,-225,4527,1,-75,1623,291,
16475,1034,433,16422,-393,-19,4108,1,-78,1628,282,
16495,997,579,16625,-432,393,3841,1,-83,1625,283,
16515,949,750,16657,-485,943,3889,1,-77,1623,287,
16536,975,945,16573,-778,1143,4080,1,-76,1624,284,
16556,1104,1015,16513,-1306,852,4245,1,-76,1620,290,
16577,1086,966,16527,-1725,621,4379,1,-76,1622,280,
16597,967,882,16457,-1901,741,4575,1,-74,1618,290,
16617,979,896,16319,-1936,921,4753,1,-68,1626,278,
16638,878,899,16237,-1832,876,4908,1,-73,1619,285,
16658,776,858,16124,-1580,857,5142,1,-69,1627,285,
16678,756,814,15970,-1207,834,5373,1,-68,1620,292,
16699,886,787,15870,-876,603,5512,1,-57,1623,277,
16719,841,754,15786,-915,88,5605,1,-65,1629,287,
16739,945,663,16003,-1264,-341,5672,1,-63,1621,281,
16760,1066,679,16296,-2023,-611,5668,1,-60,1618,290,
16780,808,705,16382,-2730,-597,5778,1,-53,1617,283,
16800,489,765,16336,-3067,-364,5988,1,-57,1625,291,
16821,217,782,16125,-2959,-179,6121,1,-49,1631,281,
16841,-52,747,16074,-2438,-59,6066,1,-47,1627,285,
16861,-599,756,16061,-1666,288,5989,1,-48,1622,278,
16882,-919,818,16132,-924,742,6027,1,-45,1617,275,
16902,-951,793,16179,-344,917,6025,1,-43,1623,283,
16922,-811,804,16292,-123,885,5993,1,-42,1630,286,
16943,-647,830,16158,-210,785,5974,1,-33,1615,285,
16963,-416,942,16055,-510,580,5996,1,-35,1621,279,
16984,-293,1080,16051,-879,302,6079,1,-47,1625,283,
17004,-449,1073,15936,-1061,-44,6203,1,-36,1618,292,
17024,-652,974,15979,-1009,-130,6207,1,-35,1629,277,
17045,-902,864,15935,-842,-126,5998,1,-38,1614,284,
17065,-1042,875,15824,-567,-142,5610,1,-34,1626,282,
17085,-980,979,15822,-326,-204,5169,1,-32,1616,280,
17105,-887,1162,15904,-150,-275,4883,1,-35,1625,285,
17126,-954,1227,15809,128,-197,4908,1,-33,1617,281,
17146,-1121,1198,15712,450,-86,5171,1,-28,1610,280,
17167,-1238,1114,15781,737,-117,5370,1,-25,1611,291,
17187,-1332,986,16108,1021,-128,5442,1,-26,1618,280,
17208,-1385,1029,16499,1135,10,5649,1,-26,1612,288,
17228,-1228,1116,16722,971,379,5842,1,-25,1611,279,
17248,-1256,1297,16615,794,582,6018,1,-32,1612,284,
17269,-1287,1280,16427,727,512,6166,1,-29,1615,281,
17289,-1197,1428,16343,901,380,6352,1,-29,1611,281,
17309,-1026,1423,16351,1242,488,6586,1,-20,1604,278,
17329,-672,1520,16283,1542,638,6698,1,-21,1609,279,
17350,-404,1461,16212,1774,594,6863,1,-15,1607,285,
17370,-153,1518,16113,1828,262,6833,1,-25,1607,277,
17391,-21,1615,15950,1708,-227,6708,1,-20,1604,282,
17411,170,1573,15933,1422,-619,6540,1,-23,1603,281,
17431,319,1410,15953,1144,-869,6448,1,-13,1605,275,
17451,452,1183,16204,956,-640,6310,1,-16,1598,274,
17472,466,1014,16355,691,-3,6155,1,-12,1600,278,
17492,370,959,16132,438,596,5981,1,-10,1600,276,
17513,253,1046,15899,244,1014,5797,1,-13,1597,277,
17533,154,1053,15834,128,1606,5688,1,-16,1608,266,
17553,31,1063,15907,62,2620,5575,1,-7,1605,281,
17563,-15,1003,15917,91,3044,5559,1,-9,1603,277,
17584,-166,1112,15869,250,3340,5502,1,-4,1602,272,
17605,-300,1473,15816,406,2869,5455,1,-7,1599,279,
17625,-338,1845,15915,432,2011,5625,1,-4,1604,276,
17645,-312,2049,15939,400,1082,5924,1,-3,1601,269,
17665,-256,2054,15816,286,40,6064,1,-9,1595,281,
17686,-136,1956,15742,80,-798,6028,1,-1,1595,283,
17706,-103,1780,15828,-245,-1204,5972,1,2,1604,276,
17727,-204,1564,15929,-543,-1191,5938,1,2,1594,284,
17747,-290,1353,15888,-550,-954,5850,1,-2,1594,274,
17767,-359,1243,15920,-305,-631,5705,1,0,1582,284,
17788,-504,1240,15970,26,-321,5583,1,1,1591,283,
17808,-629,1228,15849,312,-85,5496,1,12,1582,290,
17828,-678,1170,15790,459,55,5462,1,9,1587,275,
17849,-630,1077,15942,479,120,5463,1,3,1587,277,
17869,-470,1092,16208,516,31,5450,1,10,1582,278,
17889,-434,1016,16112,520,-60,5393,1,13,1585,281,
17910,-509,897,15835,410,-71,5395,1,10,1580,272,
17930,-603,901,15761,330,-105,5342,1,5,1581,285,
17951,-624,1039,15737,387,-105,5317,1,9,1575,279,
17971,-591,1060,15765,462,-8,5196,1,7,1577,281,
17991,-569,1088,15780,456,48,5110,1,10,1580,280,
18011,-557,1118,15705,345,103,5003,1,14,1580,278,
18032,-618,1187,15753,325,196,4876,1,8,1578,278,
18052,-812,1257,15813,437,119,4622,1,19,1577,281,
18073,-1004,1386,15610,583,-261,4449,1,18,1574,276,
18093,-1066,1394,15571,600,-993,4510,1,12,1572,276,
18113,-980,1247,15837,561,-1780,4562,1,16,1578,274,
18134,-913,1235,16072,641,-2399,4535,1,12,1566,290,
18154,-892,1226,16050,746,-2757,4422,1,15,1571,283,
18174,-813,1026,15936,715,-2829,4324,1,14,1564,278,
18195,-670,796,15895,574,-2548,4281,1,16,1568,278,
18215,-599,671,15958,459,-1916,4245,1,23,1567,281,
18235,-636,672,16006,470,-1013,4197,1,13,1567,289,
18256,-627,619,16009,487,-66,4167,1,14,1568,278,
18276,-524,562,16038,456,852,4172,1,12,1558,282,
18297,-382,688,16154,401,1619,4130,1,16,1558,276,
18317,-252,1009,16223,327,2190,3953,1,13,1569,287,
18337,-194,1348,16169,265,2404,3628,1,21,1563,279,
18358,-133,1573,16025,133,2205,3194,1,17,1565,285,
18378,-182,1699,15911,-99,1694,2854,1,19,1567,285,
18398,-324,1757,16016,-313,977,2600,1,13,1563,285,
18418,-445,1760,16108,-547,237,2352,1,15,1563,285,
18439,-506,1688,16046,-781,-315,2125,1,15,1557,287,
18459,-604,1583,16089,-936,-715,1923,1,18,1562,284,
18480,-699,1471,16161,-976,-1050,1732,1,14,1564,286,
18500,-746,1338,16149,-1013,-1210,1572,1,12,1560,282,
18521,-760,1192,16236,-1093,-1105,1436,1,20,1566,278,
18541,-797,1046,16232,-1190,-915,1353,1,13,1563,281,
18561,-781,1016,16257,-1204,-809,1266,1,26,1560,280,
18581,-754,999,16307,-1114,-696,1104,1,13,1563,281,
18602,-796,914,16315,-1013,-446,929,1,19,1569,285,
18622,-879,878,16206,-963,-114,827,1,14,1556,288,
18642,-897,925,16115,-968,160,754,1,16,1556,284,
18663,-908,1014,16159,-955,366,660,1,19,1557,283,
18683,-996,1087,16200,-971,531,544,1,15,1557,287,
18703,-1180,1148,16151,-1024,566,455,1,17,1553,289,
18724,-1283,1268,16046,-1083,374,377,1,17,1549,283,
18744,-1320,1332,16027,-1093,65,283,1,15,1555,285,
18765,-1383,1272,16101,-989,-234,139,1,18,1556,280,
18785,-1530,1226,16246,-743,-458,15,1,23,1557,291,
18805,-1603,1241,16377,-423,-564,-52,1,16,1556,298,
18826,-1551,1218,16438,-161,-538,-123,1,17,1559,285,
18846,-1447,1101,16378,-26,-504,-208,1,14,1570,292,
18866,-1382,1001,16369,16,-593,-269,1,20,1554,282,
18887,-1383,967,16484,53,-769,-286,1,23,1561,283,
18907,-1394,904,16588,180,-941,-275,1,19,1553,287,
18927,-1340,823,16564,357,-989,-279,1,18,1560,284,
18948,-1215,766,16509,522,-882,-320,1,24,1558,288,
18968,-1095,747,16496,615,-579,-381,1,21,1559,285,
18989,-1014,701,16467,644,-131,-400,1,18,1554,286,
19009,-963,691,16346,614,327,-405,1,18,1556,292,
19029,-952,770,16226,539,680,-376,1,20,1558,294,
19050,-924,849,16188,432,814,-357,1,11,1555,279,
19070,-922,873,16103,290,757,-322,1,18,1562,286,
19090,-947,891,16005,125,546,-241,1,18,1556,286,
19110,-939,958,16037,-19,228,-158,1,14,1558,286,
19131,-931,1010,16153,-152,-97,-113,1,24,1564,290,
19151,-979,981,16211,-268,-298,-95,1,15,1555,289,
19172,-1085,878,16157,-384,-362,-36,1,17,1557,281,
19192,-1136,800,16115,-497,-372,110,1,16,1554,290,
19213,-1159,806,16199,-493,-391,246,1,12,1554,286,
19233,-1171,885,16347,-362,-373,242,1,12,1562,286,
19253,-1174,893,16366,-234,-253,193,1,18,1566,286,
19274,-1150,827,16240,-147,-116,161,1,17,1559,291,
19294,-1130,798,16194,-52,-120,148,1,17,1555,287,
19314,-1120,809,16216,-8,-283,154,1,14,1550,290,
19335,-1083,817,16237,-21,-580,160,1,23,1555,299,
19355,-962,911,16268,-48,-914,129,1,13,1555,285,
19375,-932,949,16260,-93,-1169,47,1,16,1550,288,
19396,-1043,852,16287,-113,-1267,-13,1,16,1552,284,
19416,-1167,777,16327,-50,-1201,-19,1,22,1552,296,
19436,-1233,692,16349,52,-1001,20,1,16,1554,294,
19457,-1232,681,16397,161,-723,78,1,14,1554,294,
19477,-1224,637,16392,257,-374,107,1,23,1555,285,
19498,-1154,576,16320,311,54,154,1,12,1554,286,
19518,-1093,577,16249,356,488,203,1,15,1549,287,
19538,-1041,606,16164,379,748,218,1,18,1558,286,
19558,-931,623,16023,371,884,236,1,9,1559,287,
19579,-778,682,15930,348,937,207,1,18,1550,284,
19599,-690,718,16153,339,659,123,1,18,1560,282,
19620,-799,862,16287,236,-308,12,1,14,1562,290,
19640,-1080,1002,16345,82,-1586,-62,1,19,1563,285,
19660,-1086,887,16354,-44,-2461,-42,1,19,1557,279,
19681,-1037,582,16395,-117,-2776,-9,1,13,1555,279,
19701,-1067,380,16385,-90,-2590,9,1,23,1555,281,
19721,-1062,-18,16271,-41,-2229,93,1,22,1556,282,
19742,-972,-14,16203,35,-1975,113,1,6,1558,292,
19762,-993,-46,16162,183,-1832,87,1,15,1561,285,
19782,-993,-117,16079,359,-1863,30,1,15,1549,291,
19803,-987,-297,16006,558,-2141,-24,1,6,1556,284,
19823,-934,-441,15919,677,-2729,-9,1,3,1557,285,
19844,-723,-77,16526,526,-2967,0,1,14,1558,294,
19864,-689,-72,16541,492,-1568,-133,1,16,1554,292,
19884,-785,-459,16392,528,-1035,-205,1,16,1558,286,
19905,-485,-812,16341,218,-817,-101,1,9,1563,287,
19925,-551,-588,16181,-140,-772,61,1,13,1559,283,
19945,-566,-523,16178,-449,-971,81,1,14,1554,288,
19965,-805,-788,16290,-541,-970,99,1,16,1548,288,
19986,-957,-972,16249,-317,-677,132,1,22,1550,290,
20006,-865,-948,16184,-82,-246,187,1,22,1554,288,
20027,-813,-749,16195,4,-66,181,1,15,1557,289,
20047,-801,-662,16176,11,-66,121,1,13,1551,291,
20068,-774,-675,16179,-23,-104,93,1,9,1563,285,
20088,-767,-606,16186,-24,-170,85,1,16,1552,292,
20108,-729,-625,16199,-62,-320,98,1,15,1553,289,
20128,-738,-706,16165,-149,-421,133,1,14,1566,288,
20149,-792,-780,16179,-176,-425,163,1,18,1556,292,
20169,-849,-760,16196,-147,-391,178,1,13,1551,293,
20189,-791,-911,16163,-61,-289,116,1,16,1544,290,
20210,-797,-953,16147,-73,-98,130,1,12,1554,292,
20230,-773,-843,16159,-34,16,77,1,15,1547,287,
20251,-777,-758,16168,-27,37,108,1,10,1546,292,
20271,-780,-735,16180,-33,-23,110,1,14,1548,288,
20291,-802,-791,16178,-32,-81,152,1,14,1548,292,
20312,-777,-803,16139,-101,-71,216,1,15,1555,297,
20332,-732,-734,16188,-164,-100,255,1,19,1559,295,
20352,-747,-794,16194,-149,-202,222,1,19,1551,295,
20373,-602,-868,16187,-267,-203,293,1,11,1555,297,
20393,-718,-900,16178,-305,-119,356,1,22,1554,292,
20413,-791,-781,16155,-319,-93,207,1,13,1555,291,
20434,-961,-989,16116,-320,-60,142,1,24,1550,294,
20454,-886,-1073,16137,-149,145,78,1,23,1553,293,
20475,-743,-1034,16157,-70,61,84,1,11,1557,291,
20495,-665,-650,16176,-227,-17,87,1,17,1551,299,
20515,-748,-475,16260,-395,-165,-116,1,22,1564,292,
20536,-819,-660,16272,-457,-432,-239,1,25,1553,297,
20556,-838,-965,16150,-478,-596,-298,1,16,1560,298,
20576,-968,-1246,16032,-325,-450,-292,1,12,1560,292,
20597,-974,-1316,16014,-72,-77,-171,1,29,1553,289,
20617,-964,-1214,16098,296,21,-149,1,19,1563,293,
20637,-1004,-1114,16146,826,-89,-242,1,13,1561,295,
20658,-905,-1120,16061,951,672,-165,1,4,1552,300,
20678,-832,-641,16298,817,1238,-38,1,9,1553,293,
20699,-1021,-355,16257,906,1513,-58,1,8,1564,296,
20719,-839,-420,16254,939,1600,-43,1,21,1555,293,
20739,-587,-262,16129,770,1391,-27,1,13,1555,291,
20760,-341,30,15957,175,677,-8,1,2,1558,290,
20780,-133,144,15940,-600,-569,40,1,10,1558,288,
20800,-237,-3,16395,-1522,-1862,156,1,4,1556,294,
20821,-1177,-1051,16353,-1440,-1842,137,1,18,1556,298,
20841,-1447,-1884,15979,-371,-629,294,1,15,1565,293,
20862,-908,-1203,16284,276,643,251,1,10,1554,300,
20882,-770,-306,16216,458,684,43,1,14,1562,288,
20902,-341,-256,15981,-27,-17,80,1,14,1558,294,
20922,-499,-311,16216,-719,-770,70,1,23,1551,291,
20943,-1088,-1189,16178,-587,-790,47,1,16,1558,296,
20963,-990,-1486,16177,-69,-9,136,1,16,1556,296,
20984,-873,-747,16193,248,495,108,1,7,1557,287,
21004,-581,-356,16194,145,178,113,1,12,1554,294,
21024,-564,-468,16167,-303,-285,86,1,16,1556,300,
21044,-920,-903,16205,-378,-411,83,1,11,1555,289,
21065,-952,-1149,16158,-115,-82,123,1,12,1556,286,
21085,-838,-866,16136,80,255,120,1,12,1556,298,
21106,-714,-540,16177,102,155,118,1,10,1552,294,
21126,-612,-595,16161,-125,-106,107,1,10,1542,304,
21146,-771,-774,16165,-253,-236,92,1,15,1557,295,
21167,-884,-943,16164,-164,-121,109,1,18,1558,298,
21187,-884,-890,16166,-14,80,121,1,24,1552,290,
21207,-800,-731,16172,48,121,125,1,11,1555,289,
21228,-714,-672,16192,-45,3,112,1,17,1555,299,
21248,-749,-740,16186,-136,-106,104,1,16,1564,294,
21268,-788,-848,16162,-125,-83,106,1,14,1560,300,
21289,-814,-833,16173,-73,3,111,1,15,1553,297,
21309,-798,-760,16167,-32,34,115,1,11,1551,289,
21330,-771,-735,16178,-61,-3,107,1,14,1562,300,
21350,-793,-761,16169,-99,-38,108,1,8,1552,296,
21370,-779,-814,16161,-93,-32,114,1,13,1557,299,
21391,-776,-802,16166,-74,-7,113,1,9,1547,305,
21411,-763,-767,16168,-59,-7,112,1,8,1562,294,
21431,-758,-765,16168,-76,-27,107,1,14,1558,290,
21452,-795,-779,16177,-94,-30,107,1,9,1559,297,
21472,-809,-781,16176,-84,-24,106,1,16,1554,298,
21492,-804,-782,16169,-73,-17,105,1,15,1561,291,
21513,-783,-778,16171,-64,-19,106,1,15,1563,291,
21533,-761,-777,16177,-76,-12,109,1,16,1554,294,
21554,-776,-774,16183,-79,-14,109,1,20,1556,304,
21574,-784,-782,16158,-89,-23,111,1,9,1551,297,
21594,-812,-787,16156,-84,-29,108,1,18,1554,294,
21615,-802,-793,16160,-65,-21,111,1,8,1552,292,
21635,-780,-773,16165,-64,-10,110,1,15,1555,293,
21655,-769,-750,16180,-84,-20,109,1,12,1562,292,
21675,-788,-766,16165,-100,-32,106,1,10,1556,298,
21696,-806,-786,16156,-92,-27,111,1,5,1555,297,
21716,-793,-782,16166,-68,-11,115,1,8,1558,294,
21737,-761,-761,16170,-64,-11,111,1,16,1558,302,
21757,-760,-761,16184,-84,-26,109,1,13,1563,289,
21778,-777,-769,16188,-92,-29,108,1,11,1551,297,
21798,-803,-779,16164,-88,-20,109,1,13,1559,291,
21818,-800,-771,16167,-69,-13,104,1,12,1550,296,
21839,-785,-771,16169,-70,-15,109,1,15,1555,291,
21859,-775,-775,16180,-84,-20,108,1,8,1558,290,
21879,-776,-774,16172,-92,-24,102,1,11,1565,291,
21899,-798,-772,16149,-84,-26,104,1,15,1555,293,
21920,-810,-767,16164,-78,-22,105,1,11,1565,289,
21940,-801,-769,16170,-75,-20,105,1,12,1556,294,
21960,-784,-762,16167,-76,-20,106,1,24,1550,290,
21981,-776,-777,16159,-84,-20,108,1,13,1551,289,
22001,-773,-777,16177,-85,-21,111,1,18,1556,290,
22022,-782,-772,16179,-83,-20,111,1,15,1561,297,
22042,-788,-757,16186,-77,-21,109,1,25,1557,299,
22063,-790,-765,16168,-79,-20,108,1,14,1554,298,
22083,-797,-757,16168,-84,-25,111,1,21,1559,291,
22103,-796,-773,16173,-80,-22,111,1,15,1555,291,
22124,-799,-770,16177,-74,-23,109,1,17,1553,295,
22144,-794,-768,16195,-72,-20,108,1,15,1553,291,
22164,-794,-767,16178,-79,-23,108,1,17,1557,293,
22184,-798,-778,16179,-80,-27,107,1,11,1557,297,
22205,-795,-776,16174,-83,-22,108,1,12,1556,296,
22225,-794,-770,16165,-77,-15,113,1,11,1559,287,
22246,-798,-762,16178,-80,-15,110,1,16,1548,296,
22266,-792,-771,16179,-82,-23,108,1,15,1563,291,
22286,-794,-780,16181,-86,-22,114,1,14,1558,292,
22307,-806,-771,16187,-77,-24,112,1,15,1553,295,
22327,-792,-770,16181,-74,-18,113,1,11,1557,289,
22348,-782,-769,16167,-77,-18,111,1,10,1552,298,
22368,-777,-774,16164,-76,-23,109,1,16,1554,294,
22388,-785,-770,16176,-77,-22,113,1,11,1555,291,
22408,-794,-776,16179,-79,-18,111,1,13,1547,293,
22429,-791,-782,16162,-82,-16,109,1,15,1553,297,
22449,-791,-782,16167,-76,-21,107,1,15,1559,303,
22469,-773,-773,16159,-80,-20,110,1,12,1554,296,
22490,-785,-779,16162,-84,-21,112,1,14,1564,290,
22510,-786,-773,16171,-82,-23,111,1,19,1557,291,
22531,-794,-774,16182,-82,-17,116,1,12,1556,296,
22551,-795,-770,16170,-76,-17,115,1,14,1556,298,
22572,-790,-769,16174,-75,-20,108,1,12,1556,292,
22592,-786,-779,16164,-82,-23,106,1,15,1557,295,
22612,-794,-781,16164,-88,-20,110,1,6,1572,298,
22632,-804,-784,16163,-85,-16,110,1,11,1555,299,
22653,-801,-785,16162,-80,-18,113,1,12,1550,298,
22673,-798,-775,16172,-81,-20,116,1,12,1554,298,
22693,-786,-761,16177,-82,-17,114,1,22,1558,296,
22714,-789,-772,16166,-81,-18,115,1,15,1557,305,
22734,-791,-769,16165,-82,-18,109,1,11,1547,299,
22754,-790,-764,16178,-79,-19,110,1,12,1558,300,
22775,-795,-768,16186,-83,-19,111,1,16,1558,298,
22795,-800,-771,16194,-81,-21,109,1,14,1560,300,
22816,-798,-784,16174,-80,-23,108,1,20,1552,298,
22836,-798,-777,16180,-81,-22,109,1,12,1558,300,
22856,-792,-776,16186,-78,-22,113,1,9,1561,293,
22877,-790,-770,16180,-79,-21,115,1,18,1558,292,
22897,-795,-769,16177,-79,-21,111,1,10,1560,298,
22917,-801,-776,16167,-78,-22,108,1,18,1554,296,
22938,-797,-781,16169,-79,-21,108,1,19,1559,291,
22958,-794,-774,16180,-79,-19,111,1,13,1557,297,
22978,-793,-765,16179,-80,-19,106,1,8,1556,296,
22999,-796,-769,16177,-81,-15,108,1,16,1552,298,
23019,-797,-767,16184,-83,-15,110,1,12,1556,296,
23040,-791,-772,16186,-78,-17,110,1,15,1555,289,
23060,-778,-780,16177,-76,-14,106,1,16,1554,290,
23080,-783,-785,16175,-79,-16,108,1,9,1557,289,
23101,-786,-779,16174,-80,-24,108,1,19,1559,297,
23121,-788,-784,16177,-81,-25,110,1,7,1557,289,
23141,-781,-778,16164,-76,-20,109,1,6,1558,292,
23162,-776,-766,16158,-75,-17,115,1,19,1563,293,
23182,-783,-762,16163,-77,-19,116,1,10,1554,292,
23202,-788,-757,16165,-76,-19,113,1,12,1550,294,
23223,-788,-774,16161,-79,-23,112,1,9,1551,291,
23243,-793,-771,16188,-74,-19,110,1,16,1558,294,
23263,-773,-757,16186,-73,-22,114,1,18,1558,298,
23284,-770,-762,16170,-78,-21,110,1,11,1557,297,
23304,-786,-768,16176,-83,-22,113,1,12,1558,300,
23325,-794,-771,16184,-81,-22,112,1,19,1553,297,
23345,-803,-775,16162,-76,-22,109,1,15,1561,289,
23365,-792,-777,16175,-73,-21,111,1,12,1564,298,
23386,-789,-775,16167,-75,-20,112,1,15,1551,291,
23406,-780,-779,16175,-76,-18,109,1,10,1556,296,
23426,-775,-771,16168,-86,-21,109,1,9,1551,297,
23447,-784,-770,16163,-88,-19,109,1,7,1563,293,
23467,-783,-770,16171,-82,-20,108,1,18,1552,302,
23487,-783,-772,16172,-78,-18,112,1,18,1558,294,
23508,-776,-763,16167,-79,-15,111,1,13,1557,291,
23528,-781,-764,16187,-80,-23,113,1,21,1559,299,
23549,-783,-756,16179,-81,-21,111,1,19,1551,297,
23569,-783,-768,16179,-81,-21,109,1,15,1555,293,
23589,-791,-782,16185,-79,-20,110,1,16,1560,292,
23610,-789,-785,16185,-82,-19,108,1,13,1559,297,
23630,-784,-776,16157,-82,-21,106,1,16,1552,288,
23650,-790,-780,16165,-83,-23,102,1,13,1555,295,
23671,-789,-784,16165,-82,-23,106,1,12,1552,300,
23691,-786,-778,16159,-78,-22,107,1,13,1553,297,
23711,-768,-771,16173,-74,-22,107,1,16,1560,288,
23732,-764,-766,16165,-83,-25,111,1,11,1557,299,
23752,-795,-765,16177,-79,-22,108,1,15,1549,297,
23772,-793,-770,16177,-82,-28,113,1,9,1559,299,
23793,-810,-781,16192,-86,-22,107,1,16,1556,292,
23813,-814,-772,16198,-76,-19,112,1,19,1561,293,
23834,-779,-779,16184,-78,-23,112,1,15,1555,297,
23854,-784,-768,16182,-83,-22,112,1,16,1562,300,
23874,-776,-777,16187,-78,-26,111,1,10,1552,294,
23895,-791,-769,16171,-85,-22,112,1,14,1562,304,
23915,-798,-763,16174,-76,-23,113,1,8,1554,294,
23935,-788,-771,16178,-76,-27,109,1,16,1564,292,
23955,-806,-766,16182,-78,-18,112,1,16,1552,294,
23976,-782,-769,16182,-67,-19,110,1,15,1557,299,
23996,-777,-768,16178,-84,-21,109,1,16,1556,294,
24017,-778,-775,16183,-77,-22,107,1,18,1556,296,
24037,-775,-775,16173,-78,-13,111,1,11,1561,293,
24058,-789,-759,16171,-76,-18,114,1,9,1545,291,
24078,-786,-758,16164,-80,-17,111,1,10,1554,300,
24098,-805,-760,16171,-85,-18,112,1,16,1562,298,
24119,-790,-776,16171,-80,-22,111,1,9,1551,293,
24139,-797,-774,16172,-80,-19,111,1,15,1551,295,
24159,-785,-771,16184,-70,-22,114,1,21,1553,295,
24180,-778,-781,16181,-79,-20,111,1,10,1558,302,
24200,-788,-769,16182,-78,-22,106,1,17,1557,297,
24220,-788,-771,16176,-84,-21,104,1,16,1558,292,
24241,-798,-772,16161,-86,-20,101,1,14,1564,298,
24261,-798,-776,16177,-76,-24,105,1,15,1557,293,
24282,-791,-774,16172,-78,-21,110,1,13,1557,291,
24302,-783,-773,16179,-80,-22,111,1,12,1552,292,
24322,-778,-783,16170,-81,-19,110,1,17,1565,293,
24343,-792,-766,16172,-76,-17,110,1,16,1560,296,
24363,-791,-773,16164,-79,-21,114,1,12,1558,294,
24383,-794,-767,16180,-81,-19,115,1,15,1555,287,
24404,-794,-775,16175,-75,-19,112,1,10,1552,292,
24424,-781,-774,16172,-82,-19,109,1,8,1554,296,
24444,-786,-775,16175,-77,-24,108,1,13,1551,297,
24465,-788,-774,16179,-81,-15,108,1,12,1560,290,
24485,-792,-780,16187,-75,-18,110,1,12,1556,292,
24505,-795,-768,16180,-78,-20,113,1,17,1561,297,
24526,-787,-767,16171,-80,-18,115,1,18,1558,294,
24546,-777,-766,16171,-77,-20,110,1,6,1550,290,
24567,-789,-762,16166,-81,-16,113,1,3,1553,295,
24587,-792,-775,16189,-79,-20,113,1,17,1553,293,
24607,-791,-769,16183,-86,-20,114,1,7,1565,299,
24628,-791,-778,16181,-84,-17,114,1,18,1552,296,
24648,-787,-771,16176,-76,-13,111,1,9,1551,289,
24668,-786,-768,16174,-76,-19,113,1,14,1552,296,
24688,-789,-768,16172,-86,-25,108,1,19,1553,297,
24709,-806,-773,16184,-79,-26,109,1,13,1545,293,
24729,-791,-776,16182,-70,-23,107,1,17,1559,295,
24750,-795,-772,16170,-81,-23,111,1,12,1550,290,
24770,-791,-775,16186,-82,-21,113,1,14,1562,296,
24791,-797,-775,16176,-87,-11,109,1,17,1567,299,
24811,-793,-760,16179,-85,-17,110,1,11,1561,295,
24831,-790,-764,16188,-86,-19,108,1,17,1551,295,
24852,-791,-772,16192,-78,-22,110,1,16,1554,288,
24872,-786,-772,16165,-74,-17,109,1,12,1560,302,
24892,-789,-773,16160,-78,-18,113,1,18,1554,292,
24912,-787,-767,16152,-79,-20,111,1,11,1555,295,
24933,-786,-773,16173,-81,-19,117,1,18,1558,300,
24953,-796,-769,16166,-77,-16,116,1,6,1562,294,
24974,-782,-772,16180,-73,-19,113,1,11,1563,303,
24994,-789,-779,16177,-71,-21,109,1,16,1552,302,
25015,-789,-774,16175,-80,-25,114,1,16,1552,294,
25035,-790,-784,16170,-84,-25,112,1,9,1559,297,
