.91	
.32	-1.21	9.86	
-4.80,0.96,-25.29,-8.33	-1.21	9.88	
-4.76,0.94,-25.32,-8.35	-1.21	9.89	
-4.83,0.89,-25.49,-8.36	-1.21	9.91	
-4.82,0.96,-25.47,-8.37	-1.21	9.92	
-4.88,0.94,-0.41,-3.67	-0.27	4.17	
-4.87,0.93,-0.82,-3.68	-0.27	4.18	
-4.87,0.96,-1.22,-3.69	-0.27	4.19	
-4.86,0.96,-1.60,-3.70	-0.27	4.20	
-4.84,0.97,-1.99,-3.70	-0.27	4.21	
-4.85,0.96,-2.37,-3.71	-0.27	4.21	
-4.86,0.96,-2.76,-3.72	-0.27	4.22	
-4.87,0.95,-3.16,-3.73	-0.27	4.23	
-4.84,0.97,-3.54,-3.73	-0.27	4.24	
-4.85,0.99,-3.90,-3.74	-0.28	4.25	
-4.84,0.97,-4.28,-3.75	-0.28	4.26	
-4.82,0.96,-4.67,-3.75	-0.28	4.26	
-4.83,0.94,-5.08,-3.76	-0.28	4.27	
-4.84,0.94,-5.48,-3.77	-0.28	4.28	
-4.83,0.96,-5.87,-3.78	-0.28	4.29	
-4.83,0.95,-6.27,-3.78	-0.28	4.30	
-4.83,0.94,-6.67,-3.79	-0.28	4.31	
-4.85,0.95,-7.07,-3.80	-0.28	4.31	
-4.86,0.93,-7.49,-3.81	-0.28	4.32	
-4.86,0.93,-7.90,-3.81	-0.28	4.33	
-4.83,0.93,-8.32,-3.82	-0.29	4.34	
-4.83,0.93,-8.74,-3.83	-0.29	4.34	
-4.84,0.94,-9.15,-3.83	-0.29	4.35	
-4.84,0.92,-9.57,-3.84	-0.29	4.36	
-4.84,0.93,-9.99,-3.85	-0.29	4.37	
-4.85,0.96,-10.38,-3.86	-0.29	4.38	
-4.85,0.95,-10.78,-3.86	-0.29	4.38	
-4.82,0.94,-11.19,-3.87	-0.29	4.39	
-4.85,0.97,-11.56,-3.88	-0.29	4.40	
-4.85,1.00,-11.92,-3.89	-0.29	4.41	
-4.84,0.97,-12.30,-3.89	-0.29	4.42	
-4.83,0.94,-12.70,-3.90	-0.30	4.43	
-4.85,0.95,-13.10,-3.91	-0.30	4.43	
-4.85,0.96,-13.50,-3.92	-0.30	4.44	
-4.83,0.97,-13.88,-3.92	-0.30	4.45	
-4.85,0.95,-14.28,-3.93	-0.30	4.46	
-4.85,0.95,-14.68,-3.94	-0.30	4.47	
-4.86,0.96,-15.07,-3.94	-0.30	4.48	
-4.86,0.95,-15.47,-3.95	-0.30	4.48	
-4.86,0.96,-15.86,-3.96	-0.30	4.49	
-4.88,0.96,-16.25,-3.97	-0.30	4.50	
-4.88,0.94,-16.66,-3.97	-0.31	4.51	
-4.87,0.94,-17.07,-3.98	-0.31	4.52	
-4.89,0.99,-17.43,-3.99	-0.31	4.53	
-4.88,0.98,-17.80,-4.00	-0.31	4.53	
-4.87,0.97,-18.18,-4.00	-0.31	4.54	
-4.87,0.97,-18.57,-4.01	-0.31	4.55	
-4.86,0.96,-18.96,-4.02	-0.31	4.56	
-4.88,0.94,-19.37,-4.02	-0.31	4.57	
-4.84,0.98,-19.74,-4.03	-0.31	4.58	
-4.84,0.97,-20.12,-4.04	-0.31	4.58	
-4.84,0.96,-20.51,-4.05	-0.31	4.59	
-4.89,0.98,-20.89,-4.05	-0.32	4.60	
-4.89,0.96,-21.27,-4.06	-0.32	4.61	
-4.92,0.96,-21.67,-4.07	-0.32	4.62	
-4.87,0.97,-22.05,-4.07	-0.32	4.63	
-4.89,0.94,-22.45,-4.08	-0.32	4.63	
-4.89,0.94,-22.85,-4.09	-0.32	4.64	
-4.88,0.96,-23.24,-4.10	-0.32	4.65	
-4.89,0.95,-23.65,-4.10	-0.32	4.66	
-4.90,0.92,-24.07,-4.11	-0.32	4.67	
-4.89,0.91,-24.51,-4.12	-0.32	4.68	
-4.89,0.90,-24.95,-4.12	-0.32	4.69	
-4.88,0.92,-25.40,-4.14	-0.33	4.70	
-4.83,0.94,-25.41,-4.15	-0.33	4.72	
-4.85,0.90,-25.52,-4.17	-0.33	4.73	
-4.88,0.95,-25.53,-4.18	-0.33	4.74	
-4.88,0.94,-25.57,-4.19	-0.33	4.76	
-4.86,0.96,-25.61,-4.21	-0.33	4.78	
-4.86,0.99,-25.59,-4.22	-0.33	4.79	
-4.87,0.99,-25.56,-4.22	-0.33	4.79	
-4.87,0.95,-25.55,-4.23	-0.33	4.80	
-4.88,0.95,-25.55,-4.24	-0.33	4.82	
-4.86,0.97,-25.50,-4.26	-0.34	4.84	
-4.85,0.97,-25.49,-4.26	-0.34	4.84	
-4.83,0.95,-25.42,-4.28	-0.34	4.86	
-4.80,0.96,-25.36,-4.29	-0.34	4.88	
-4.82,0.98,-25.28,-4.31	-0.34	4.89	
-4.82,0.95,-25.26,-4.32	-0.34	4.90	
-4.85,0.94,-25.28,-4.33	-0.34	4.92	
-4.87,1.00,-25.24,-4.35	-0.34	4.94	
-4.89,1.03,-25.19,-4.36	-0.35	4.95	
-4.88,1.00,-25.08,-4.38	-0.35	4.97	
-4.90,0.97,-25.06,-4.39	-0.35	4.98	
-4.91,0.95,-25.06,-4.40	-0.35	4.99	
-4.86,0.94,-25.10,-4.42	-0.35	5.01	
-4.88,0.93,-25.13,-4.43	-0.35	5.03	
-4.88,0.96,-25.11,-4.45	-0.35	5.04	
-4.89,0.99,-25.08,-4.46	-0.36	5.06	
-4.89,0.95,-25.10,-4.48	-0.36	5.08	
-4.90,0.96,-25.12,-4.49	-0.36	5.08	
-4.88,0.97,-25.09,-4.50	-0.36	5.10	
-4.85,0.95,-25.11,-4.52	-0.36	5.12	
-4.85,0.96,-25.12,-4.52	-0.36	5.13	
-4.84,0.95,-25.14,-4.54	-0.36	5.14	
-4.85,0.97,-25.14,-4.55	-0.37	5.16	
-4.89,0.96,-25.12,-4.57	-0.37	5.17	
-4.87,0.95,-25.13,-4.58	-0.37	5.18	
-4.86,0.93,-25.10,-4.59	-0.37	5.20	
-4.86,0.95,-25.02,-4.61	-0.37	5.21	
-4.84,0.95,-24.98,-4.62	-0.37	5.22	
-4.82,0.96,-24.94,-4.63	-0.37	5.24	
-4.83,0.97,-24.87,-4.65	-0.38	5.26	
-4.84,0.96,-24.81,-4.66	-0.38	5.27	
-4.85,0.97,-24.76,-4.67	-0.38	5.28	
-4.87,0.97,-24.74,-4.68	-0.38	5.30	
-4.86,0.99,-24.74,-4.70	-0.38	5.32	
-4.87,1.00,-24.74,-4.70	-0.38	5.33	
-4.88,1.01,-24.69,-4.71	-0.38	5.33	
-4.88,0.99,-24.66,-4.72	-0.38	5.34	
-4.90,1.01,-24.60,-4.73	-0.38	5.36	
-4.88,0.97,-24.57,-4.75	-0.38	5.38	
-4.87,0.97,-24.57,-4.76	-0.39	5.39	
-4.85,0.97,-24.57,-4.78	-0.39	5.41	
-4.86,0.99,-24.54,-4.79	-0.39	5.43	
-4.85,0.98,-24.51,-4.80	-0.39	5.44	
-4.89,0.96,-24.48,-4.81	-0.39	5.45	
-4.89,1.02,-24.46,-4.83	-0.39	5.47	
-4.85,1.01,-24.45,-4.83	-0.39	5.48	
-4.85,0.99,-24.49,-4.84	-0.39	5.49	
-4.85,0.99,-24.51,-4.85	-0.39	5.49	
-4.88,0.97,-24.55,-4.86	-0.40	5.51	
-4.87,0.94,-24.56,-4.88	-0.40	5.53	
-4.88,0.95,-24.53,-4.89	-0.40	5.54	
-4.87,0.97,-24.49,-4.91	-0.40	5.56	
-4.85,0.97,-24.46,-4.92	-0.40	5.58	
-4.85,0.97,-24.47,-4.93	-0.40	5.59	
-4.82,0.96,-24.48,-4.94	-0.41	5.60	
-4.80,0.96,-24.46,-4.96	-0.41	5.62	
-4.81,0.95,-24.45,-4.97	-0.41	5.63	
-4.84,0.96,-24.47,-4.98	-0.41	5.64	
-4.83,0.94,-24.50,-5.00	-0.41	5.66	
-4.83,0.96,-24.51,-5.01	-0.41	5.68	
-4.86,0.96,-24.51,-5.02	-0.41	5.68	
-4.88,0.99,-24.47,-5.03	-0.42	5.70	
-4.88,0.94,-24.46,-5.05	-0.42	5.72	
-4.85,0.95,-24.47,-5.05	-0.42	5.73	
-4.83,0.95,-24.45,-5.07	-0.42	5.74	
-4.86,0.96,-24.43,-5.08	-0.42	5.76	
-4.87,0.94,-24.46,-5.10	-0.42	5.78	
-4.84,0.92,-24.48,-5.10	-0.42	5.78	
-4.86,0.98,-24.45,-5.12	-0.43	5.80	
-4.83,0.96,-24.45,-5.13	-0.43	5.82	
-4.84,0.99,-24.43,-5.14	-0.43	5.83	
-4.85,0.96,-24.40,-5.16	-0.43	5.84	
-4.83,0.99,-24.44,-5.17	-0.43	5.86	
-4.83,0.98,-24.47,-5.19	-0.43	5.88	
-4.84,1.01,-24.46,-5.19	-0.43	5.89	
-4.88,1.01,-24.44,-5.21	-0.44	5.90	
-4.88,1.01,-24.37,-5.22	-0.44	5.92	
-4.86,1.00,-24.31,-5.24	-0.44	5.93	
-4.88,0.97,-24.31,-5.25	-0.44	5.95	
-4.86,0.96,-24.35,-5.27	-0.44	5.97	
-4.86,0.96,-24.35,-5.27	-0.45	5.98	
-4.87,0.96,-24.35,-5.29	-0.45	5.99	
-4.87,0.93,-24.50,-5.30	-0.45	6.01	
-4.88,0.96,-24.57,-5.32	-0.45	6.03	
-4.88,0.97,-24.58,-5.33	-0.45	6.04	
-4.88,0.97,-24.60,-5.34	-0.45	6.05	
-4.89,0.94,-24.58,-5.35	-0.45	6.07	
-4.88,0.97,-24.56,-5.36	-0.45	6.08	
-4.86,0.93,-24.60,-5.37	-0.45	6.09	
-4.90,0.95,-24.64,-5.39	-0.45	6.11	
-4.88,0.96,-24.68,-5.40	-0.45	6.13	
-4.88,0.94,-24.70,-5.41	-0.46	6.13	
-4.84,0.96,-24.72,-5.43	-0.46	6.15	
-4.82,0.98,-24.70,-5.44	-0.46	6.17	
-4.85,0.97,-24.65,-5.46	-0.46	6.18	
-4.84,0.99,-24.57,-5.47	-0.46	6.20	
-4.84,0.99,-24.51,-5.48	-0.46	6.22	
-4.86,0.98,-24.50,-5.49	-0.46	6.23	
-4.88,0.97,-24.51,-5.51	-0.46	6.24	
-4.85,0.95,-24.47,-5.52	-0.46	6.26	
-4.88,0.95,-24.46,-5.53	-0.46	6.27	
-4.91,0.94,-24.51,-5.54	-0.46	6.29	
-4.87,0.96,-24.53,-5.56	-0.47	6.30	
-4.88,0.96,-24.48,-5.57	-0.47	6.32	
-4.85,0.95,-24.49,-5.58	-0.47	6.33	
-4.86,0.95,-24.56,-5.60	-0.47	6.35	
-4.86,0.98,-24.56,-5.61	-0.47	6.36	
-4.87,1.00,-24.55,-5.62	-0.47	6.37	
-4.87,1.00,-24.52,-5.63	-0.47	6.38	
-4.86,1.00,-24.50,-5.63	-0.47	6.39	
-4.87,0.97,-24.51,-5.65	-0.48	6.41	
-4.87,0.95,-24.56,-5.66	-0.48	6.42	
-4.88,0.98,-24.59,-5.67	-0.48	6.43	
-4.91,0.99,-24.61,-5.69	-0.48	6.45	
-4.89,0.96,-24.69,-5.70	-0.48	6.46	
-4.89,0.96,-24.79,-5.72	-0.48	6.48	
-4.88,0.95,-24.80,-5.72	-0.48	6.49	
-4.88,0.97,-24.81,-5.74	-0.48	6.51	
-4.84,0.96,-24.82,-5.75	-0.49	6.52	
-4.88,0.98,-24.77,-5.77	-0.49	6.54	
-4.86,0.99,-24.67,-5.78	-0.49	6.55	
-4.88,0.98,-24.65,-5.80	-0.49	6.57	
-4.85,0.97,-24.61,-5.81	-0.49	6.58	
-4.85,0.98,-24.58,-5.82	-0.49	6.60	
-4.87,0.96,-24.57,-5.84	-0.50	6.61	
-4.90,0.96,-24.57,-5.84	-0.50	6.62	
-4.99,0.92,-24.58,-5.86	-0.50	6.64	
-4.86,1.10,-24.38,-5.87	-0.50	6.65	
-4.85,0.85,-24.48,-5.88	-0.50	6.67	
-4.90,0.90,-24.53,-5.89	-0.50	6.68	
-4.91,0.99,-24.47,-5.90	-0.50	6.70	
-4.83,0.94,-24.58,-5.92	-0.51	6.71	
-4.84,0.99,-24.56,-5.92	-0.51	6.72	
-4.91,0.99,-24.55,-5.93	-0.51	6.73	
-4.91,0.93,-24.61,-5.94	-0.51	6.74	
-4.87,0.95,-24.70,-5.96	-0.51	6.75	
-4.82,0.94,-24.74,-5.97	-0.51	6.77	
-4.82,0.94,-24.80,-6.00	-0.51	6.79	
-5.04,1.04,-24.74,-6.01	-0.51	6.80	
-4.88,0.98,-24.60,-6.02	-0.52	6.82	
-4.80,0.93,-24.60,-6.02	-0.52	6.83	
-4.86,0.96,-24.66,-6.03	-0.52	6.85	
-4.87,0.93,-24.65,-6.03	-0.53	6.86	
-4.76,0.90,-24.68,-6.03	-0.53	6.87	
-4.62,0.90,-24.79,-6.04	-0.54	6.89	
-4.70,0.94,-24.94,-6.05	-0.54	6.90	
-4.84,0.95,-25.00,-6.07	-0.54	6.92	
-4.86,0.97,-25.01,-6.08	-0.54	6.93	
-4.85,0.93,-25.08,-6.09	-0.54	6.95	
-4.83,0.98,-25.07,-6.10	-0.55	6.97	
-4.73,0.96,-25.12,-6.11	-0.55	6.98	
-4.85,0.94,-25.16,-6.13	-0.55	7.00	
-4.89,0.89,-25.22,-6.14	-0.55	7.02	
-4.84,0.89,-25.27,-6.15	-0.55	7.03	
-4.80,0.98,-25.23,-6.16	-0.55	7.03	
-4.83,0.99,-25.20,-6.17	-0.56	7.05	
-4.94,0.96,-25.19,-6.18	-0.56	7.06	
-4.87,0.84,-25.38,-6.18	-0.57	7.08	
-4.68,0.96,-25.50,-6.18	-0.57	7.10	
-4.62,1.05,-25.35,-6.19	-0.58	7.12	
-4.66,0.98,-25.35,-6.20	-0.58	7.13	
-4.66,0.90,-25.50,-6.22	-0.58	7.14	
-4.60,0.85,-25.64,-6.25	-0.59	7.16	
-4.67,0.92,-25.70,-6.28	-0.59	7.18	
-4.92,0.95,-25.78,-6.30	-0.59	7.19	
-4.80,0.97,-25.87,-6.33	-0.59	7.21	
-5.03,0.90,-25.77,-6.36	-0.59	7.22	
-4.98,0.80,-25.95,-6.37	-0.60	7.23	
-4.84,0.92,-26.09,-6.39	-0.60	7.25	
-4.55,1.06,-25.94,-6.42	-0.61	7.27	
-4.16,1.21,-25.67,-6.50	-0.64	7.29	
-4.11,1.13,-25.57,-6.57	-0.67	7.31	
-3.78,1.04,-25.61,-6.74	-0.76	7.35	
-3.88,0.12,-27.11,-6.98	-0.95	7.41	
-4.54,-0.48,-29.42,-7.26	-1.26	7.49	
-4.70,-0.64,-32.43,-7.50	-1.63	7.59	
-4.88,-0.66,-35.23,-7.71	-2.05	7.69	
-5.17,-0.98,-38.43,-7.92	-2.47	7.78	
-5.50,-1.36,-42.11,-8.10	-2.82	7.84	
-5.68,-2.21,-36.35,-8.27	-3.14	7.88	
-5.71,-2.60,-34.16,-8.36	-3.29	7.89	
-5.82,-2.84,-32.16,-8.44	-3.41	7.90	
-5.96,-3.19,-28.54,-8.61	-3.59	7.91	
-6.17,-3.49,-25.10,-8.81	-3.72	7.93	
-6.36,-3.53,-23.34,-8.93	-3.77	7.94	
-6.86,-3.42,-19.72,-9.17	-3.80	7.97	
-7.42,-2.98,-16.57,-9.46	-3.73	8.00	
-7.69,-2.71,-15.33,-9.64	-3.66	8.02	
-8.32,-2.15,-13.48,-9.99	-3.48	8.06	
-8.90,-1.66,-12.65,-10.39	-3.25	8.09	
-9.54,-1.24,-14.65,-10.81	-3.00	8.13	
-9.84,-1.03,-16.15,-11.06	-2.86	8.15	
-10.31,-0.57,-18.96,-11.52	-2.60	8.18	
-10.84,-0.32,-21.28,-12.03	-2.35	8.21	
-11.16,-0.34,-22.33,-12.33	-2.22	8.21	
-11.46,-0.31,-23.35,-12.61	-2.10	8.22	
-11.78,-0.22,-24.35,-12.91	-1.98	8.22	
-12.54,-0.00,-26.40,-13.53	-1.72	8.23	
-13.25,0.10,-28.49,-14.19	-1.43	8.23	
-13.71,0.29,-30.98,-14.90	-1.12	8.23	
-14.16,0.41,-33.81,-15.58	-0.86	8.23	
-14.85,0.55,-36.91,-16.25	-0.65	8.23	
-15.50,0.85,-39.89,-16.93	-0.48	8.25	
-16.10,1.03,-41.23,-17.57	-0.39	8.27	
-16.54,1.06,-41.18,-18.20	-0.35	8.29	
-16.92,0.95,-41.21,-18.54	-0.34	8.30	
-17.30,0.89,-41.36,-18.86	-0.35	8.31	
-18.08,0.81,-41.89,-19.48	-0.39	8.34	
-18.90,0.70,-43.67,-20.09	-0.46	8.37	
-19.67,0.60,-46.45,-20.75	-0.56	8.41	
-20.34,0.42,-48.05,-21.39	-0.70	8.45	
-20.88,0.18,-48.46,-22.06	-0.89	8.50	
-21.47,-0.12,-47.89,-22.80	-1.13	8.55	
-21.94,-0.44,-47.20,-23.53	-1.37	8.61	
-22.47,-0.58,-46.41,-24.28	-1.58	8.68	
-22.63,-0.57,-45.95,-24.69	-1.68	8.72	
-22.92,-0.47,-49.78,-25.45	-1.84	8.80	
-23.29,-0.37,-56.88,-26.18	-1.98	8.87	
-23.86,-0.19,-62.81,-26.91	-2.09	8.93	
-24.81,0.03,-68.14,-27.68	-2.17	8.97	
-25.82,0.02,-73.64,-28.42	-2.22	9.00	
-26.39,-0.14,-76.44,-28.83	-2.24	9.00	
-27.41,-0.38,-81.70,-29.59	-2.27	9.01	
-28.08,-0.51,-86.43,-30.35	-2.29	9.01	
-28.76,-0.59,-90.67,-31.10	-2.31	9.01	
-29.42,-0.58,-94.20,-31.87	-2.34	9.01	
-30.11,-0.57,-94.90,-32.58	-2.37	9.01	
-30.38,-0.65,-94.80,-32.97	-2.37	9.01	
-30.92,-0.68,-94.50,-33.65	-2.38	9.02	
-31.41,-0.64,-94.13,-34.33	-2.39	9.02	
-32.13,-0.52,-93.40,-35.00	-2.40	9.02	
-32.47,-0.50,-93.10,-35.36	-2.41	9.02	
-33.19,-0.44,-92.71,-36.01	-2.42	9.02	
-33.75,-0.34,-92.38,-36.65	-2.43	9.01	
-34.21,-0.19,-91.90,-37.29	-2.43	8.98	
-34.58,-0.14,-91.52,-37.64	-2.41	8.96	
-35.39,-0.17,-90.59,-38.27	-2.37	8.91	
-36.18,-0.14,-89.55,-38.89	-2.32	8.85	
-36.49,-0.09,-89.08,-39.22	-2.29	8.82	
-37.25,-0.02,-89.49,-39.82	-2.24	8.74	
-38.10,0.02,-91.21,-40.42	-2.20	8.65	
-39.05,0.06,-93.34,-41.02	-2.19	8.55	
-39.77,-0.02,-95.32,-41.66	-2.19	8.45	
-40.42,-0.18,-95.96,-42.29	-2.24	8.37	
-41.21,-0.31,-95.38,-42.95	-2.32	8.30	
-42.03,-0.38,-94.71,-43.67	-2.44	8.25	
-42.67,-0.57,-94.60,-44.40	-2.59	8.22	
-43.50,-1.00,-95.15,-45.14	-2.80	8.21	
-44.27,-1.32,-94.31,-45.95	-3.10	8.24	
-44.62,-1.48,-91.80,-46.72	-3.48	8.28	
-44.70,-1.59,-90.23,-47.14	-3.72	8.30	
-44.80,-1.71,-88.51,-47.53	-3.94	8.33	
-45.30,-1.93,-84.88,-48.30	-4.37	8.37	
-45.78,-2.10,-81.05,-49.06	-4.73	8.41	
-46.18,-2.19,-77.33,-49.82	-4.99	8.43	
-46.91,-2.32,-72.57,-50.64	-5.15	8.44	
-47.97,-2.46,-65.85,-51.43	-5.22	8.44	
-49.04,-2.30,-58.93,-52.27	-5.21	8.44	
-49.79,-1.90,-51.52,-53.07	-5.16	8.44	
-50.51,-1.52,-51.34,-53.86	-5.10	8.44	
-51.72,-1.36,-48.40,-54.63	-5.05	8.43	
-52.73,-1.46,-45.54,-55.41	-5.04	8.43	
-53.39,-1.64,-44.98,-56.14	-5.07	8.42	
-53.77,-1.82,-40.83,-56.54	-5.11	8.42	
-54.12,-1.99,-36.94,-56.89	-5.16	8.43	
-54.96,-2.37,-29.88,-57.59	-5.26	8.44	
-55.66,-2.59,-23.79,-58.27	-5.39	8.47	
-55.89,-2.66,-21.00,-58.65	-5.46	8.49	
-56.07,-2.73,-18.28,-58.99	-5.54	8.52	
-56.85,-3.09,-13.05,-59.69	-5.70	8.58	
-57.72,-3.31,-7.40,-60.41	-5.84	8.64	
-58.07,-3.29,-4.48,-60.81	-5.91	8.69	
-58.48,-3.21,-1.60,-61.17	-5.98	8.73	
-59.33,-3.02,4.13,-61.90	-6.11	8.81	
-60.10,-2.99,9.95,-62.64	-6.27	8.88	
-60.45,-2.87,12.94,-63.04	-6.36	8.92	
-60.73,-2.75,16.08,-63.41	-6.45	8.94	
-61.58,-2.74,22.51,-64.15	-6.64	8.98	
-62.45,-2.91,28.66,-64.88	-6.85	9.00	
-62.79,-3.01,31.60,-65.29	-6.96	9.01	
-63.08,-3.04,34.41,-65.66	-7.06	9.01	
-63.71,-3.14,39.89,-66.41	-7.28	9.00	
-64.47,-3.34,45.73,-67.16	-7.50	9.00	
-64.83,-3.56,49.02,-67.57	-7.61	9.00	
-65.04,-3.72,52.46,-67.94	-7.71	9.00	
-65.56,-3.96,59.50,-68.69	-7.90	9.01	
-66.17,-4.16,66.03,-69.44	-8.07	9.04	
-66.40,-4.29,68.30,-69.85	-8.14	9.06	
-66.61,-4.30,69.77,-70.22	-8.19	9.08	
-67.17,-4.25,71.68,-70.97	-8.27	9.14	
-68.01,-4.26,72.78,-71.71	-8.28	9.21	
-68.76,-4.10,74.15,-72.44	-8.24	9.29	
-69.54,-4.00,76.45,-73.22	-8.15	9.39	
-70.53,-3.87,79.29,-73.97	-8.04	9.48	
-71.42,-3.81,80.96,-74.73	-7.92	9.57	
-72.21,-3.81,80.32,-75.54	-7.79	9.67	
-73.13,-3.99,78.07,-76.32	-7.67	9.75	
-73.91,-4.45,74.30,-77.11	-7.58	9.82	
-74.67,-4.72,77.67,-77.93	-7.51	9.91	
-75.41,-4.66,79.33,-78.71	-7.48	10.00	
-75.94,-4.50,81.89,-79.12	-7.48	10.05	
-76.58,-4.35,84.61,-79.50	-7.49	10.11	
-77.37,-4.30,92.21,-80.22	-7.56	10.21	
-78.28,-4.09,91.06,-80.93	-7.72	10.31	
-78.47,-4.10,90.31,-81.30	-7.83	10.36	
-78.50,-4.20,89.69,-81.63	-7.95	10.40	
-78.62,-4.53,88.83,-82.28	-8.24	10.48	
-78.81,-4.86,86.04,-82.91	-8.51	10.56	
-79.06,-4.96,84.38,-83.23	-8.63	10.61	
-79.28,-4.94,82.91,-83.52	-8.73	10.65	
-79.54,-5.04,79.67,-84.08	-8.88	10.75	
-80.01,-5.15,76.24,-84.64	-9.00	10.85	
-80.23,-5.22,74.49,-84.95	-9.06	10.91	
-80.65,-5.35,70.64,-85.51	-9.15	11.02	
-80.96,-5.44,66.00,-86.10	-9.22	11.13	
-81.14,-5.45,63.35,-86.43	-9.25	11.19	
-81.35,-5.46,60.51,-86.73	-9.28	11.24	
-81.84,-5.59,54.35,-87.38	-9.34	11.33	
-82.24,-5.81,48.24,-88.05	-9.41	11.42	
-82.46,-5.99,45.36,-88.44	-9.44	11.46	
-82.60,-6.20,42.62,-88.80	-9.47	11.51	
-82.79,-6.43,37.28,-89.54	-9.51	11.60	
-82.97,-6.47,31.47,-90.31	-9.54	11.71	
-83.03,-6.61,28.49,-90.73	-9.56	11.77	
-83.08,-6.77,22.69,-91.49	-9.57	11.90	
-83.22,-6.69,17.62,-92.23	-9.58	12.05	
-83.34,-6.60,15.46,-92.62	-9.60	12.13	
-83.55,-6.39,13.31,-92.95	-9.63	12.20	
-84.00,-5.98,8.81,-93.55	-9.73	12.34	
-84.21,-5.79,4.26,-94.05	-9.90	12.46	
-84.14,-5.85,1.78,-94.29	-10.01	12.52	
-84.04,-5.95,-0.92,-94.48	-10.10	12.56	
-83.74,-6.18,-7.16,-94.79	-10.29	12.65	
-83.59,-6.24,-14.09,-95.04	-10.46	12.71	
-83.45,-6.33,-17.46,-95.16	-10.53	12.74	
-83.37,-6.39,-20.71,-95.26	-10.58	12.76	
-83.27,-6.43,-26.68,-95.46	-10.68	12.79	
-83.18,-6.48,-31.39,-95.67	-10.75	12.80	
-83.01,-6.59,-33.12,-95.79	-10.79	12.81	
-82.71,-6.82,-34.47,-95.91	-10.81	12.81	
-81.94,-7.40,-36.63,-96.18	-10.84	12.82	
-81.21,-7.96,-36.51,-96.52	-10.83	12.85	
-80.95,-8.13,-36.23,-96.74	-10.81	12.87	
-80.81,-8.18,-36.08,-96.95	-10.79	12.90	
-80.52,-8.16,-35.63,-97.42	-10.76	12.97	
-80.14,-8.27,-34.43,-97.95	-10.74	13.07	
-79.79,-8.36,-32.75,-98.51	-10.74	13.20	
-79.50,-8.40,-31.08,-99.10	-10.76	13.37	
-79.24,-8.27,-26.76,-99.65	-10.81	13.55	
-79.19,-8.10,-23.86,-99.92	-10.85	13.66	
-79.27,-7.79,-26.29,-100.16	-10.91	13.76	
-79.63,-7.24,-30.28,-100.57	-11.07	13.95	
-79.74,-7.02,-33.70,-100.92	-11.33	14.12	
-79.72,-7.05,-35.34,-101.08	-11.49	14.21	
-79.71,-7.09,-36.96,-101.21	-11.65	14.30	
-79.63,-7.13,-39.90,-101.43	-11.96	14.44	
-79.38,-7.26,-42.61,-101.60	-12.23	14.56	
-79.24,-7.36,-43.81,-101.68	-12.35	14.60	
-79.14,-7.45,-44.79,-101.75	-12.43	14.63	
-79.02,-7.64,-45.70,-101.81	-12.50	14.65	
-78.62,-8.10,-43.02,-101.93	-12.57	14.66	
-78.12,-8.45,-37.80,-102.06	-12.58	14.65	
-77.89,-8.60,-35.53,-102.13	-12.57	14.63	
-77.74,-8.75,-33.28,-102.20	-12.55	14.61	
-77.36,-8.94,-28.77,-102.35	-12.53	14.57	
-77.14,-8.98,-24.54,-102.51	-12.50	14.53	
-77.08,-9.01,-22.52,-102.60	-12.49	14.52	
-77.02,-8.98,-20.52,-102.67	-12.48	14.52	
-76.87,-8.69,-16.66,-102.82	-12.46	14.52	
-76.71,-8.43,-12.64,-102.95	-12.44	14.53	
-77.04,-8.16,-8.59,-103.07	-12.43	14.56	
-77.37,-7.89,-4.97,-103.18	-12.43	14.59	
-77.45,-7.69,-2.01,-103.25	-12.45	14.63	
-77.50,-7.67,-0.70,-103.27	-12.47	14.64	
-77.44,-7.72,0.65,-103.29	-12.48	14.65	
-77.51,-7.66,3.12,-103.30	-12.50	14.67	
-77.62,-7.49,5.00,-103.29	-12.51	14.68	
-77.64,-7.49,5.83,-103.27	-12.51	14.67	
-77.62,-7.54,6.67,-103.24	-12.50	14.67	
-77.67,-7.55,8.27,-103.16	-12.48	14.64	
-77.83,-7.57,9.16,-103.06	-12.46	14.61	
-77.76,-7.70,9.76,-102.99	-12.46	14.58	
-77.70,-7.87,11.29,-102.93	-12.45	14.56	
-77.57,-8.19,6.43,-102.80	-12.43	14.53	
-77.65,-8.21,2.01,-102.68	-12.40	14.50	
-77.81,-8.22,-0.17,-102.62	-12.38	14.48	
-77.85,-8.27,-2.21,-102.58	-12.36	14.47	
-77.91,-8.38,-5.87,-102.49	-12.29	14.46	
-77.83,-8.41,-9.33,-102.42	-12.20	14.48	
-77.83,-8.39,-11.04,-102.39	-12.13	14.49	
-77.85,-8.31,-12.87,-102.37	-12.07	14.51	
-77.89,-8.21,-16.97,-102.34	-11.95	14.56	
-77.97,-8.13,-11.26,-102.32	-11.84	14.62	
-78.10,-8.09,-8.73,-102.31	-11.79	14.65	
-78.16,-8.07,-6.31,-102.30	-11.76	14.69	
-78.30,-8.01,-1.51,-102.29	-11.72	14.75	
-78.40,-7.98,3.77,-102.28	-11.73	14.81	
-78.53,-7.93,8.63,-102.27	-11.74	14.85	
-78.60,-7.92,8.00,-102.25	-11.76	14.88	
-78.81,-7.84,7.07,-102.22	-11.79	14.92	
-78.96,-7.77,6.54,-102.16	-11.83	14.95	
-79.04,-7.73,6.74,-102.12	-11.84	14.96	
-79.06,-7.65,-1.34,-102.04	-11.86	14.95	
-78.93,-7.64,-7.78,-101.95	-11.86	14.93	
-78.77,-7.72,-14.18,-101.85	-11.85	14.89	
-78.73,-7.87,-20.97,-101.73	-11.85	14.84	
-78.69,-8.04,-23.31,-101.62	-11.87	14.78	
-78.41,-8.38,-22.12,-101.51	-11.91	14.74	
-78.37,-8.53,-20.81,-101.41	-11.96	14.71	
-78.59,-8.43,-18.53,-101.34	-11.99	14.71	
-78.76,-8.32,-16.76,-101.31	-12.01	14.72	
-78.92,-8.23,-14.58,-101.29	-12.03	14.73	
-79.14,-8.20,-9.59,-101.26	-12.07	14.77	
-79.51,-8.06,-3.84,-101.25	-12.11	14.81	
-79.75,-7.90,-3.42,-101.26	-12.14	14.86	
-80.15,-7.57,-7.89,-101.28	-12.16	14.89	
-80.43,-7.14,-11.22,-101.30	-12.16	14.91	
-80.49,-6.78,-13.95,-101.32	-12.12	14.91	
-80.24,-6.84,-16.51,-101.33	-12.04	14.89	
-79.74,-7.26,-19.88,-101.33	-11.95	14.85	
-79.53,-7.48,-22.16,-101.33	-11.90	14.83	
-79.29,-7.72,-24.87,-101.33	-11.85	14.81	
-79.05,-7.94,-25.38,-101.32	-11.77	14.79	
-78.98,-8.02,-20.78,-101.32	-11.72	14.77	
-79.03,-7.98,-18.55,-101.31	-11.70	14.77	
-79.06,-7.99,-16.45,-101.31	-11.69	14.76	
-79.01,-8.08,-12.56,-101.31	-11.68	14.76	
-79.17,-8.01,-8.57,-101.32	-11.67	14.77	
-79.39,-7.89,-9.56,-101.34	-11.65	14.77	
-79.54,-7.83,-15.85,-101.36	-11.63	14.78	
-79.64,-7.72,-21.86,-101.39	-11.62	14.78	
-79.61,-7.65,-27.75,-101.41	-11.60	14.77	
-79.60,-7.64,-30.69,-101.42	-11.58	14.77	
-79.65,-7.58,-33.72,-101.43	-11.56	14.76	
-79.75,-7.45,-41.94,-101.45	-11.52	14.74	
-79.75,-7.37,-41.18,-101.47	-11.48	14.72	
-79.72,-7.31,-40.58,-101.48	-11.44	14.70	
-79.86,-7.11,-39.84,-101.48	-11.40	14.67	
-80.07,-6.95,-38.90,-101.48	-11.37	14.65	
-80.12,-6.93,-38.10,-101.47	-11.35	14.63	
-80.28,-6.90,-37.32,-101.46	-11.33	14.61	
-80.24,-6.94,-36.19,-101.45	-11.32	14.59	
-80.17,-6.94,-39.64,-101.43	-11.31	14.57	
-80.09,-7.06,-46.61,-101.42	-11.28	14.56	
-80.05,-7.15,-49.97,-101.42	-11.27	14.55	
-79.98,-7.24,-53.47,-101.41	-11.25	14.55	
-79.94,-7.29,-61.02,-101.41	-11.21	14.54	
-80.05,-7.22,-69.65,-101.40	-11.17	14.55	
-80.06,-7.21,-74.16,-101.40	-11.16	14.56	
-80.05,-7.21,-78.77,-101.40	-11.14	14.56	
-79.90,-7.30,-88.41,-101.40	-11.10	14.57	
-79.83,-7.36,-92.97,-101.40	-11.06	14.58	
-79.82,-7.38,-92.59,-101.40	-11.03	14.59	
-79.78,-7.39,-92.42,-101.40	-11.01	14.59	
-79.64,-7.53,-92.86,-101.40	-10.98	14.60	
-79.46,-7.62,-94.22,-101.41	-10.96	14.61	
-79.58,-7.54,-94.93,-101.42	-10.95	14.62	
-79.71,-7.42,-95.44,-101.42	-10.95	14.63	
-79.99,-7.19,-95.66,-101.44	-10.96	14.65	
-80.17,-7.04,-94.82,-101.45	-10.98	14.67	
-80.23,-6.99,-94.09,-101.45	-11.00	14.68	
-80.20,-6.99,-98.87,-101.45	-11.01	14.69	
-80.15,-6.99,-108.15,-101.45	-11.02	14.72	
-80.28,-6.93,-117.42,-101.45	-11.03	14.74	
-80.30,-6.93,-121.98,-101.45	-11.03	14.76	
-80.29,-6.97,-126.48,-101.46	-11.03	14.77	
-80.25,-7.08,-135.79,-101.46	-11.05	14.80	
-80.26,-7.19,-140.04,-101.47	-11.08	14.83	
-80.29,-7.17,-139.43,-101.47	-11.10	14.85	
-80.33,-7.17,-138.84,-101.48	-11.12	14.87	
-80.39,-7.12,-137.72,-101.49	-11.14	14.90	
-80.44,-7.04,-136.59,-101.51	-11.15	14.93	
-80.47,-6.99,-135.47,-101.53	-11.14	14.97	
-80.52,-6.97,-134.47,-101.55	-11.10	15.00	
-80.48,-7.05,-133.74,-101.58	-11.07	15.02	
-80.43,-7.12,-133.31,-101.61	-11.02	15.05	
-80.45,-7.07,-133.05,-101.63	-10.98	15.06	
-80.37,-7.07,-133.15,-101.66	-10.93	15.06	
-80.31,-7.09,-133.28,-101.67	-10.90	15.06	
-80.20,-7.16,-133.66,-101.70	-10.83	15.06	
-80.09,-7.20,-134.24,-101.74	-10.76	15.06	
-80.00,-7.24,-134.52,-101.75	-10.72	15.05	
-79.85,-7.33,-134.85,-101.77	-10.69	15.05	
-79.68,-7.46,-135.70,-101.80	-10.62	15.04	
-79.61,-7.47,-136.28,-101.83	-10.57	15.05	
-79.56,-7.53,-136.51,-101.84	-10.55	15.05	
-79.53,-7.57,-136.74,-101.85	-10.54	15.06	
-79.63,-7.51,-137.15,-101.87	-10.53	15.08	
-79.77,-7.34,-137.40,-101.89	-10.53	15.10	
-79.82,-7.28,-137.46,-101.90	-10.54	15.12	
-79.81,-7.25,-137.47,-101.90	-10.55	15.13	
-79.89,-7.22,-137.32,-101.91	-10.56	15.15	
-79.99,-7.25,-137.09,-101.92	-10.57	15.18	
-80.06,-7.31,-136.91,-101.92	-10.59	15.19	
-80.09,-7.30,-136.73,-101.91	-10.59	15.21	
-80.08,-7.28,-136.23,-101.91	-10.61	15.22	
-80.08,-7.26,-135.92,-101.90	-10.62	15.25	
-80.06,-7.25,-135.87,-101.90	-10.62	15.26	
-80.08,-7.26,-135.93,-101.90	-10.63	15.27	
-80.23,-7.19,-136.12,-101.89	-10.64	15.30	
-80.28,-7.21,-136.46,-101.88	-10.65	15.33	
-80.27,-7.23,-136.66,-101.87	-10.66	15.34	
-80.31,-7.25,-137.16,-101.86	-10.67	15.36	
-80.38,-7.21,-137.67,-101.84	-10.68	15.38	
-80.42,-7.14,-137.90,-101.82	-10.67	15.39	
-80.41,-7.14,-137.89,-101.80	-10.65	15.40	
-80.39,-7.23,-137.89,-101.77	-10.64	15.40	
-80.41,-7.25,-137.95,-101.76	-10.63	15.40	
-80.49,-7.20,-138.04,-101.72	-10.62	15.40	
-80.47,-7.20,-138.26,-101.67	-10.61	15.40	
-80.45,-7.22,-138.45,-101.63	-10.60	15.40	
-80.37,-7.26,-138.70,-101.60	-10.59	15.40	
-80.26,-7.38,-139.48,-101.51	-10.56	15.39	
-80.22,-7.46,-140.32,-101.41	-10.53	15.39	
-80.13,-7.57,-141.18,-101.30	-10.50	15.40	
-80.17,-7.56,-141.65,-101.23	-10.48	15.40	
-80.30,-7.51,-142.52,-101.08	-10.45	15.42	
-80.46,-7.42,-143.15,-100.91	-10.43	15.45	
-80.60,-7.34,-143.30,-100.81	-10.42	15.47	
-80.72,-7.27,-143.29,-100.70	-10.42	15.49	
-81.05,-7.05,-142.65,-100.48	-10.41	15.53	
-81.42,-6.86,-141.25,-100.24	-10.42	15.56	
-81.54,-6.85,-140.30,-100.09	-10.43	15.58	
-81.66,-6.81,-139.26,-99.95	-10.43	15.59	
-81.84,-6.78,-137.10,-99.66	-10.45	15.61	
-81.87,-6.94,-134.69,-99.35	-10.46	15.63	
-81.90,-7.09,-133.39,-99.19	-10.47	15.64	
-81.91,-7.23,-132.08,-99.04	-10.48	15.65	
-81.85,-7.54,-129.43,-98.74	-10.50	15.69	
-81.79,-7.77,-126.52,-98.44	-10.51	15.72	
-81.83,-7.83,-124.73,-98.28	-10.52	15.74	
-81.84,-7.87,-122.80,-98.14	-10.53	15.76	
-81.92,-7.90,-118.64,-97.85	-10.53	15.79	
-82.08,-7.79,-114.61,-97.56	-10.49	15.83	
-82.16,-7.74,-112.68,-97.40	-10.45	15.85	
-82.45,-7.51,-109.10,-97.10	-10.35	15.88	
-82.77,-7.21,-105.90,-96.79	-10.22	15.91	
-82.99,-7.00,-104.53,-96.61	-10.14	15.93	
-83.16,-6.84,-103.30,-96.45	-10.06	15.94	
-83.36,-6.64,-101.29,-96.10	-9.90	15.95	
-83.47,-6.51,-99.56,-95.72	-9.72	15.94	
-83.50,-6.46,-98.73,-95.50	-9.62	15.93	
-83.42,-6.50,-97.85,-95.30	-9.53	15.92	
-83.19,-6.67,-95.83,-94.86	-9.34	15.88	
-83.03,-6.77,-93.72,-94.41	-9.14	15.84	
-83.00,-6.77,-92.70,-94.15	-9.03	15.81	
-82.99,-6.75,-91.70,-93.92	-8.93	15.79	
-82.92,-6.65,-89.77,-93.45	-8.75	15.75	
-82.73,-6.64,-87.77,-92.97	-8.60	15.71	
-82.57,-6.71,-86.76,-92.70	-8.54	15.68	
-82.13,-6.89,-84.77,-92.20	-8.45	15.65	
-81.59,-7.11,-83.12,-91.70	-8.38	15.63	
-81.18,-7.04,-81.86,-91.18	-8.32	15.62	
-81.01,-6.96,-81.25,-90.89	-8.28	15.62	
-80.73,-6.83,-79.91,-90.36	-8.21	15.61	
-80.47,-6.80,-78.44,-89.81	-8.10	15.60	
-80.35,-6.75,-77.68,-89.51	-8.03	15.60	
-80.21,-6.73,-76.93,-89.23	-7.95	15.59	
-79.99,-6.61,-75.43,-88.67	-7.79	15.58	
-79.67,-6.53,-74.03,-88.09	-7.62	15.58	
-79.41,-6.57,-73.52,-87.77	-7.54	15.58	
-79.10,-6.65,-73.20,-87.47	-7.46	15.57	
-78.49,-6.74,-72.89,-86.87	-7.32	15.58	
-77.95,-6.59,-72.79,-86.24	-7.19	15.58	
-77.72,-6.49,-72.84,-85.88	-7.13	15.58	
-77.56,-6.34,-73.01,-85.55	-7.07	15.57	
-77.16,-6.11,-73.72,-84.89	-6.94	15.55	
-76.56,-6.08,-74.64,-84.21	-6.82	15.51	
-76.24,-6.15,-75.06,-83.83	-6.75	15.49	
-75.87,-6.19,-75.46,-83.49	-6.68	15.47	
-75.14,-6.08,-76.27,-82.80	-6.53	15.42	
-74.34,-5.95,-77.32,-82.10	-6.37	15.35	
-74.00,-5.97,-78.10,-81.71	-6.28	15.32	
-73.41,-6.05,-80.13,-81.00	-6.11	15.25	
-72.72,-5.98,-82.21,-80.28	-5.92	15.18	
-72.29,-5.87,-83.38,-79.88	-5.81	15.14	
-71.92,-5.79,-84.66,-79.51	-5.71	15.11	
-71.26,-5.80,-87.34,-78.78	-5.49	15.05	
-70.80,-5.65,-89.86,-78.03	-5.27	14.98	
-70.42,-5.48,-91.06,-77.62	-5.15	14.95	
-70.07,-5.28,-92.25,-77.24	-5.05	14.92	
-69.35,-4.98,-94.26,-76.46	-4.86	14.86	
-68.71,-4.97,-92.61,-75.68	-4.68	14.81	
-67.81,-4.86,-90.24,-74.88	-4.50	14.77	
-66.89,-4.63,-87.76,-74.04	-4.31	14.72	
-66.29,-4.56,-84.45,-73.23	-4.14	14.67	
-65.94,-4.64,-81.44,-72.78	-4.04	14.65	
-65.53,-4.76,-77.63,-72.37	-3.95	14.63	
-64.82,-4.82,-75.32,-71.57	-3.76	14.59	
-64.34,-4.39,-67.95,-70.77	-3.56	14.58	
-64.03,-4.06,-64.76,-70.34	-3.45	14.57	
-63.63,-3.84,-61.90,-69.95	-3.35	14.57	
-62.75,-3.58,-56.54,-69.17	-3.15	14.58	
-62.00,-3.52,-50.97,-68.38	-2.98	14.58	
-61.53,-3.45,-48.05,-67.94	-2.88	14.59	
-61.01,-3.40,-45.05,-67.54	-2.81	14.59	
-59.89,-3.38,-38.79,-66.74	-2.67	14.58	
-58.96,-3.36,-32.30,-65.94	-2.55	14.56	
-58.49,-3.49,-28.96,-65.50	-2.49	14.53	
-58.17,-3.69,-25.49,-65.10	-2.43	14.51	
-57.28,-3.85,-18.73,-64.31	-2.31	14.47	
-56.38,-3.79,-12.88,-63.50	-2.19	14.44	
-55.97,-3.75,-10.20,-63.05	-2.12	14.43	
-55.63,-3.64,-7.56,-62.64	-2.07	14.42	
-55.02,-3.22,-2.03,-61.83	-1.97	14.41	
-54.21,-2.84,4.09,-61.01	-1.87	14.40	
-53.63,-2.61,7.21,-60.55	-1.82	14.39	
-53.10,-2.48,10.03,-60.13	-1.77	14.39	
-52.21,-2.43,14.96,-59.26	-1.69	14.38	
-51.45,-2.17,19.11,-58.36	-1.59	14.36	
-51.04,-1.90,20.77,-57.85	-1.54	14.35	
-50.58,-1.72,22.17,-57.38	-1.49	14.34	
-49.56,-1.57,19.71,-56.43	-1.39	14.32	
-48.55,-1.60,16.36,-55.46	-1.30	14.28	
-47.57,-1.48,13.50,-54.43	-1.19	14.22	
-46.71,-1.46,13.81,-53.44	-1.09	14.15	
-46.08,-1.65,16.69,-52.45	-0.98	14.07	
-45.56,-1.78,20.53,-51.47	-0.88	14.00	
-44.48,-1.71,24.61,-50.46	-0.79	13.93	
-43.23,-1.69,23.94,-49.52	-0.73	13.87	
-42.76,-1.71,29.12,-49.01	-0.71	13.84	
-41.70,-1.79,37.42,-48.12	-0.70	13.79	
-40.63,-1.87,41.16,-47.27	-0.71	13.74	
-39.51,-1.80,41.46,-46.45	-0.73	13.70	
-38.61,-1.76,40.91,-45.62	-0.77	13.65	
-37.71,-1.71,38.21,-44.85	-0.81	13.61	
-36.86,-1.74,38.10,-44.10	-0.84	13.57	
-35.83,-1.63,32.71,-43.32	-0.87	13.53	
-34.77,-1.51,23.35,-42.58	-0.89	13.49	
-34.30,-1.48,20.75,-42.17	-0.89	13.46	
-33.52,-1.37,17.19,-41.42	-0.86	13.41	
-32.86,-1.06,13.76,-40.65	-0.80	13.35	
-32.05,-0.68,9.38,-39.86	-0.67	13.28	
-31.20,-0.62,3.88,-39.00	-0.51	13.21	
-30.39,-0.59,-2.46,-38.14	-0.32	13.15	
-29.47,-0.21,-9.01,-37.26	-0.11	13.09	
-29.02,0.05,-12.21,-36.76	0.01	13.06	
-28.32,0.45,-18.21,-35.84	0.26	13.00	
-27.67,0.62,-24.13,-34.90	0.50	12.95	
-26.72,0.58,-30.56,-33.97	0.71	12.90	
-26.11,0.60,-33.96,-33.47	0.80	12.87	
-24.77,0.77,-39.87,-32.55	0.94	12.82	
-23.70,0.62,-44.14,-31.64	0.99	12.76	
-22.99,0.52,-47.48,-30.70	0.98	12.70	
-22.55,0.56,-50.56,-29.85	0.94	12.65	
-21.93,0.58,-53.68,-29.03	0.90	12.60	
-21.47,0.58,-53.36,-28.60	0.87	12.57	
-20.73,0.40,-51.91,-27.85	0.82	12.52	
-20.15,0.20,-50.02,-27.15	0.74	12.48	
-19.64,0.04,-48.99,-26.49	0.63	12.45	
-19.02,-0.09,-50.93,-25.84	0.49	12.42	
-18.29,-0.21,-53.61,-25.26	0.33	12.41	
-17.54,-0.25,-56.59,-24.72	0.15	12.40	
-16.84,-0.58,-57.62,-24.18	-0.05	12.39	
-16.13,-0.82,-61.23,-23.68	-0.23	12.39	
-15.81,-0.78,-65.57,-23.41	-0.32	12.39	
-15.31,-0.73,-73.47,-22.92	-0.49	12.39	
-14.64,-0.87,-76.46,-22.41	-0.63	12.39	
-14.01,-0.92,-78.10,-21.91	-0.74	12.38	
-13.36,-0.92,-79.77,-21.37	-0.81	12.37	
-12.86,-0.83,-84.52,-20.85	-0.83	12.35	
-12.48,-0.74,-87.13,-20.33	-0.80	12.31	
-12.19,-0.69,-85.94,-20.05	-0.76	12.29	
-11.50,-0.40,-84.24,-19.54	-0.67	12.25	
-10.93,-0.14,-85.77,-19.05	-0.59	12.20	
-10.81,-0.10,-86.75,-18.80	-0.56	12.17	
-10.81,-0.03,-87.60,-18.57	-0.54	12.14	
-10.65,0.16,-88.56,-18.16	-0.53	12.08	
-10.22,0.20,-88.63,-17.82	-0.55	12.00	
-9.86,0.06,-88.26,-17.57	-0.60	11.93	
-9.57,-0.35,-87.87,-17.39	-0.69	11.84	
-9.39,-0.42,-87.98,-17.29	-0.79	11.76	
-9.25,-0.56,-88.03,-17.24	-0.91	11.69	
-9.38,-0.82,-87.25,-17.23	-1.02	11.64	
-9.50,-0.87,-86.19,-17.25	-1.11	11.62	
-9.40,-0.85,-85.70,-17.26	-1.14	11.62	
-9.09,-0.89,-85.72,-17.29	-1.19	11.62	
-9.06,-0.92,-86.73,-17.33	-1.21	11.64	
-9.01,-0.86,-87.37,-17.38	-1.24	11.66	
-8.99,-0.78,-87.60,-17.40	-1.25	11.67	
-9.05,-0.84,-87.70,-17.45	-1.28	11.69	
-9.19,-0.84,-86.86,-17.49	-1.31	11.70	
-9.18,-0.77,-86.24,-17.51	-1.32	11.71	
-9.08,-0.74,-85.12,-17.54	-1.35	11.73	
-9.12,-0.96,-84.30,-17.56	-1.39	11.74	
-9.21,-1.04,-83.87,-17.58	-1.42	11.75	
-9.31,-1.00,-83.89,-17.58	-1.42	11.77	
-9.33,-0.88,-83.94,-17.57	-1.39	11.79	
-9.36,-0.87,-83.91,-17.56	-1.37	11.80	
-9.43,-0.92,-83.47,-17.53	-1.35	11.82	
-9.42,-0.96,-82.89,-17.50	-1.34	11.84	
-9.29,-0.99,-82.73,-17.47	-1.36	11.86	
-9.28,-1.08,-82.81,-17.45	-1.37	11.87	
-9.29,-1.17,-83.57,-17.41	-1.42	11.87	
-9.11,-1.31,-84.23,-17.37	-1.47	11.86	
-9.02,-1.40,-84.22,-17.35	-1.50	11.86	
-9.08,-1.70,-83.06,-17.31	-1.55	11.85	
-8.85,-1.85,-80.15,-17.27	-1.61	11.85	
-8.81,-1.74,-77.08,-17.23	-1.69	11.85	
-8.71,-1.69,-74.10,-17.20	-1.79	11.85	
-8.27,-1.61,-71.40,-17.19	-1.91	11.82	
-8.36,-1.39,-69.44,-17.21	-2.10	11.79	
-8.52,-1.52,-68.49,-17.22	-2.23	11.77	
-8.58,-1.70,-66.38,-17.26	-2.47	11.75	
-8.57,-1.82,-63.80,-17.31	-2.68	11.73	
-8.63,-2.22,-60.05,-17.38	-2.84	11.70	
-8.77,-2.56,-55.30,-17.45	-2.96	11.67	
-8.82,-2.92,-49.99,-17.51	-3.04	11.65	
-8.85,-3.07,-47.23,-17.55	-3.08	11.65	
-8.92,-3.30,-41.52,-17.59	-3.12	11.65	
-8.95,-3.30,-35.54,-17.63	-3.15	11.66	
-8.91,-3.15,-32.69,-17.65	-3.16	11.67	
-8.86,-3.04,-30.04,-17.66	-3.17	11.68	
-8.76,-2.85,-25.18,-17.67	-3.17	11.71	
-8.74,-2.82,-20.46,-17.67	-3.16	11.73	
-8.72,-2.79,-18.14,-17.65	-3.16	11.74	
-8.53,-2.74,-13.58,-17.62	-3.14	11.76	
-8.41,-2.69,-9.16,-17.56	-3.12	11.77	
-8.44,-2.57,-4.81,-17.49	-3.09	11.78	
-8.48,-2.56,-0.53,-17.41	-3.05	11.79	
-8.46,-2.53,3.59,-17.31	-3.02	11.80	
-8.38,-2.36,7.49,-17.20	-3.00	11.81	
-8.33,-2.20,9.29,-17.13	-2.99	11.82	
-8.27,-2.06,10.99,-17.06	-2.99	11.82	
-8.20,-2.05,14.41,-16.92	-2.98	11.83	
-8.01,-2.18,18.02,-16.74	-2.96	11.83	
-7.80,-2.26,21.98,-16.53	-2.93	11.82	
-7.47,-2.26,25.80,-16.30	-2.90	11.81	
-7.22,-2.38,29.69,-16.03	-2.86	11.80	
-7.13,-2.39,31.73,-15.86	-2.84	11.79	
-7.04,-2.41,33.79,-15.70	-2.81	11.78	
-6.85,-2.47,37.59,-15.36	-2.75	11.76	
-6.49,-2.42,40.91,-14.99	-2.69	11.74	
-6.23,-2.43,42.43,-14.79	-2.66	11.73	
-5.95,-2.39,43.82,-14.59	-2.63	11.72	
-5.48,-2.31,47.51,-14.20	-2.59	11.70	
-5.03,-2.22,52.25,-13.78	-2.58	11.68	
-4.80,-2.21,54.72,-13.55	-2.59	11.67	
-4.28,-2.26,59.56,-13.11	-2.63	11.66	
-3.81,-2.18,64.83,-12.64	-2.72	11.66	
-3.13,-2.09,68.89,-12.16	-2.83	11.66	
-2.81,-2.12,69.82,-11.89	-2.89	11.66	
-2.52,-2.22,70.51,-11.64	-2.95	11.66	
-1.83,-2.36,71.27,-11.14	-3.05	11.67	
-1.11,-2.40,71.07,-10.61	-3.12	11.68	
-0.47,-2.40,70.50,-10.03	-3.13	11.68	
0.03,-2.56,70.39,-9.46	-3.09	11.68	
0.48,-2.65,70.73,-8.87	-3.01	11.69	
0.77,-2.59,71.14,-8.53	-2.97	11.69	
1.58,-2.33,72.73,-7.92	-2.88	11.71	
2.31,-2.32,74.68,-7.28	-2.81	11.73	
2.60,-2.35,75.52,-6.93	-2.77	11.74	
3.22,-2.23,76.35,-6.26	-2.72	11.76	
3.95,-2.00,75.21,-5.57	-2.70	11.78	
4.77,-2.00,73.60,-4.87	-2.71	11.80	
5.22,-2.01,72.91,-4.48	-2.72	11.81	
6.03,-1.88,71.82,-3.75	-2.74	11.81	
6.75,-1.71,70.08,-3.00	-2.77	11.80	
7.35,-1.83,68.34,-2.25	-2.79	11.77	
7.91,-2.07,72.11,-1.45	-2.83	11.72	
8.52,-2.27,75.98,-0.71	-2.87	11.67	
8.89,-2.35,77.72,-0.30	-2.90	11.64	
9.50,-2.59,80.16,0.43	-2.97	11.59	
10.09,-2.81,81.63,1.16	-3.05	11.53	
10.85,-3.08,83.04,1.87	-3.12	11.47	
11.78,-3.36,84.74,2.58	-3.17	11.43	
12.65,-3.33,86.19,3.29	-3.20	11.40	
13.51,-3.12,87.63,3.94	-3.22	11.39	
13.90,-3.10,88.35,4.28	-3.23	11.38	
14.31,-3.17,89.43,4.86	-3.28	11.37	
14.62,-3.07,89.53,5.42	-3.35	11.35	
14.95,-2.88,89.33,5.72	-3.40	11.34	
15.12,-2.85,88.90,5.99	-3.44	11.32	
15.95,-2.83,87.13,6.53	-3.54	11.27	
16.48,-3.07,84.86,7.09	-3.61	11.22	
17.03,-3.39,83.07,7.68	-3.66	11.16	
17.41,-3.45,82.31,8.01	-3.67	11.14	
17.71,-3.48,81.69,8.33	-3.68	11.11	
18.25,-3.49,82.22,8.97	-3.70	11.08	
18.75,-3.48,83.75,9.63	-3.72	11.05	
18.96,-3.50,84.53,10.00	-3.73	11.04	
19.34,-3.63,85.89,10.69	-3.74	11.03	
20.02,-3.53,86.75,11.39	-3.74	11.04	
20.50,-3.47,86.91,11.79	-3.72	11.05	
21.53,-3.46,86.72,12.55	-3.67	11.08	
22.34,-3.43,86.09,13.33	-3.61	11.09	
23.31,-3.57,84.80,14.14	-3.56	11.10	
24.35,-3.62,83.53,15.02	-3.52	11.09	
25.40,-3.76,82.40,15.87	-3.51	11.07	
26.39,-4.11,81.93,16.72	-3.54	11.05	
27.11,-4.22,82.70,17.61	-3.64	11.04	
27.87,-4.22,84.06,18.45	-3.74	11.03	
28.54,-4.05,86.51,19.28	-3.82	11.02	
29.41,-3.70,90.02,20.13	-3.85	11.00	
30.47,-3.34,93.04,20.93	-3.81	10.97	
31.43,-2.98,90.54,21.71	-3.74	10.93	
32.42,-2.92,89.19,22.51	-3.65	10.88	
33.46,-3.13,88.76,23.25	-3.58	10.83	
34.18,-3.52,88.96,23.97	-3.52	10.78	
34.55,-3.83,89.25,24.36	-3.51	10.75	
35.19,-4.34,90.77,25.05	-3.50	10.73	
35.90,-4.57,92.97,25.75	-3.51	10.73	
36.37,-4.59,94.10,26.14	-3.52	10.74	
36.80,-4.50,95.10,26.51	-3.52	10.76	
37.47,-4.37,95.95,27.25	-3.52	10.81	
38.18,-4.31,94.77,28.02	-3.51	10.88	
38.56,-4.20,93.97,28.46	-3.50	10.93	
38.99,-3.96,93.28,28.87	-3.49	10.97	
39.88,-3.24,92.54,29.68	-3.43	11.05	
41.08,-2.43,92.06,30.47	-3.37	11.11	
42.39,-1.56,89.54,31.23	-3.33	11.11	
43.19,-1.24,85.85,31.97	-3.32	11.05	
43.46,-1.70,82.22,32.63	-3.34	10.93	
43.69,-2.58,81.04,33.27	-3.39	10.77	
44.16,-3.47,80.91,33.92	-3.44	10.58	
44.51,-4.03,80.44,34.54	-3.48	10.40	
45.05,-4.35,79.21,35.16	-3.51	10.24	
45.75,-4.78,77.19,35.81	-3.51	10.09	
46.51,-5.05,74.33,36.43	-3.49	9.97	
47.33,-5.22,68.68,37.04	-3.45	9.86	
48.16,-5.12,60.72,37.70	-3.42	9.78	
48.87,-4.79,57.37,38.34	-3.38	9.71	
49.59,-4.63,59.35,38.99	-3.32	9.65	
50.26,-4.62,60.66,39.71	-3.22	9.60	
51.01,-4.79,59.86,40.42	-3.11	9.56	
51.83,-4.88,58.48,41.15	-2.98	9.53	
52.71,-4.82,56.17,41.96	-2.85	9.52	
53.65,-4.84,55.62,42.75	-2.74	9.52	
54.79,-4.78,57.83,43.57	-2.65	9.53	
55.66,-4.53,60.11,44.42	-2.58	9.55	
56.31,-4.47,61.04,45.30	-2.53	9.57	
56.70,-4.56,60.15,46.13	-2.51	9.59	
57.05,-4.46,58.56,46.95	-2.52	9.64	
57.69,-4.01,57.30,47.79	-2.53	9.71	
58.37,-3.56,55.70,48.56	-2.54	9.80	
59.21,-3.35,53.50,49.32	-2.54	9.91	
60.06,-3.21,51.39,50.08	-2.53	10.03	
60.95,-3.19,50.15,50.79	-2.53	10.14	
61.61,-3.38,50.95,51.48	-2.53	10.24	
62.25,-3.71,52.56,52.20	-2.52	10.36	
63.30,-3.65,52.65,52.87	-2.51	10.46	
64.30,-3.45,52.45,53.53	-2.50	10.55	
65.02,-3.56,54.91,54.21	-2.50	10.62	
65.67,-3.56,58.55,54.84	-2.52	10.67	
65.91,-3.56,60.49,55.18	-2.54	10.69	
66.51,-3.58,62.90,55.78	-2.58	10.71	
67.40,-3.35,63.30,56.37	-2.61	10.72	
68.01,-3.33,63.49,56.95	-2.64	10.70	
68.60,-3.58,64.73,57.53	-2.70	10.66	
69.18,-3.63,66.74,58.07	-2.75	10.61	
69.74,-3.73,69.12,58.58	-2.80	10.55	
70.27,-3.84,72.31,59.08	-2.85	10.48	
70.05,-3.92,78.53,59.51	-2.89	10.41	
69.90,-4.16,85.66,59.85	-2.89	10.36	
69.99,-4.33,83.55,60.01	-2.87	10.33	
70.45,-4.55,79.33,60.27	-2.79	10.30	
71.13,-5.00,75.83,60.49	-2.65	10.29	
71.88,-5.45,73.79,60.72	-2.48	10.30	
72.33,-5.40,71.10,60.97	-2.35	10.33	
72.85,-5.07,66.41,61.22	-2.28	10.40	
73.17,-4.58,68.77,61.49	-2.28	10.49	
73.34,-4.08,67.54,61.79	-2.30	10.60	
73.76,-3.56,66.04,62.10	-2.31	10.71	
74.31,-3.14,64.78,62.43	-2.32	10.81	
74.70,-2.85,64.59,62.77	-2.34	10.92	
74.90,-2.61,65.28,63.10	-2.38	11.01	
75.01,-2.51,65.89,63.42	-2.44	11.10	
75.46,-2.54,66.41,63.77	-2.49	11.17	
75.84,-2.65,67.00,64.08	-2.51	11.22	
76.15,-2.75,67.75,64.38	-2.54	11.26	
76.45,-2.85,68.72,64.68	-2.56	11.29	
76.68,-2.96,69.39,64.95	-2.59	11.31	
77.05,-3.11,69.39,65.20	-2.62	11.32	
77.14,-3.32,69.59,65.45	-2.65	11.32	
77.26,-3.51,69.56,65.67	-2.68	11.33	
77.45,-3.47,69.57,65.89	-2.71	11.34	
77.75,-3.46,69.61,66.11	-2.73	11.36	
78.17,-3.60,69.36,66.33	-2.74	11.37	
78.31,-3.78,68.92,66.56	-2.75	11.38	
78.30,-3.92,68.63,66.81	-2.77	11.42	
78.47,-3.66,68.37,67.05	-2.80	11.46	
78.86,-3.42,68.23,67.31	-2.84	11.52	
79.23,-3.18,68.26,67.58	-2.88	11.58	
79.73,-3.02,68.40,67.85	-2.91	11.65	
80.14,-2.94,68.65,68.09	-2.95	11.71	
80.48,-2.88,68.84,68.32	-2.98	11.78	
80.80,-2.62,69.27,68.54	-3.02	11.84	
81.17,-2.52,70.42,68.72	-3.07	11.89	
81.57,-2.50,72.90,68.88	-3.10	11.92	
81.77,-2.50,77.38,69.03	-3.14	11.92	
81.79,-2.58,83.02,69.14	-3.20	11.91	
81.79,-2.74,90.59,69.23	-3.26	11.86	
80.94,-3.37,88.20,69.31	-3.32	11.80	
80.46,-3.93,87.58,69.38	-3.38	11.74	
80.73,-4.00,88.05,69.46	-3.43	11.70	
80.98,-4.03,89.17,69.54	-3.47	11.69	
81.09,-4.04,90.56,69.61	-3.49	11.68	
81.12,-3.90,91.23,69.65	-3.49	11.69	
81.19,-3.73,91.77,69.68	-3.48	11.70	
81.53,-3.45,92.55,69.76	-3.47	11.73	
81.71,-3.22,92.65,69.84	-3.45	11.76	
81.78,-3.17,92.47,69.89	-3.43	11.78	
81.92,-3.14,92.22,69.93	-3.42	11.80	
82.27,-3.00,91.75,70.03	-3.39	11.83	
82.37,-2.91,91.49,70.12	-3.38	11.85	
82.26,-3.05,91.29,70.17	-3.39	11.85	
82.16,-3.19,91.04,70.21	-3.40	11.85	
82.03,-3.51,90.60,70.31	-3.42	11.85	
82.02,-3.88,90.23,70.41	-3.42	11.85	
82.01,-4.05,90.09,70.46	-3.42	11.86	
81.99,-4.19,89.96,70.52	-3.42	11.86	
81.99,-4.20,89.65,70.62	-3.41	11.88	
82.15,-4.06,89.21,70.73	-3.41	11.92	
82.37,-4.02,88.88,70.79	-3.42	11.94	
82.50,-3.99,88.53,70.85	-3.42	11.98	
82.64,-3.84,87.89,70.95	-3.43	12.05	
82.77,-3.56,87.70,71.04	-3.43	12.14	
83.11,-3.05,88.04,71.12	-3.44	12.23	
83.48,-2.57,89.14,71.19	-3.45	12.34	
83.77,-2.42,90.68,71.24	-3.46	12.43	
83.78,-2.43,92.53,71.27	-3.47	12.50	
83.66,-2.42,93.57,71.28	-3.48	12.54	
83.66,-2.47,95.71,71.28	-3.49	12.60	
83.71,-2.57,97.80,71.28	-3.49	12.64	
83.69,-2.62,98.86,71.27	-3.48	12.66	
83.62,-2.71,99.85,71.26	-3.47	12.68	
83.59,-2.80,100.68,71.26	-3.46	12.69	
83.55,-2.93,101.68,71.24	-3.44	12.72	
83.57,-3.03,102.00,71.23	-3.43	12.75	
83.54,-3.08,102.09,71.23	-3.43	12.78	
83.54,-3.09,102.17,71.22	-3.43	12.80	
83.42,-3.11,102.29,71.23	-3.43	12.84	
83.34,-3.18,102.57,71.26	-3.43	12.90	
83.32,-3.21,102.36,71.28	-3.43	12.93	
83.28,-3.20,101.92,71.31	-3.44	12.97	
83.36,-3.09,101.11,71.37	-3.45	13.06	
83.65,-2.76,100.92,71.44	-3.46	13.17	
83.84,-2.57,101.01,71.49	-3.46	13.23	
84.04,-2.37,101.27,71.53	-3.47	13.29	
84.41,-1.97,102.48,71.62	-3.48	13.39	
84.66,-1.78,104.63,71.70	-3.49	13.48	
84.74,-1.72,100.62,71.74	-3.50	13.52	
84.82,-1.65,94.55,71.80	-3.50	13.59	
84.91,-1.76,91.27,71.84	-3.50	13.64	
85.03,-1.79,88.33,71.86	-3.51	13.67	
84.99,-1.83,87.07,71.86	-3.51	13.69	
84.92,-1.89,86.34,71.85	-3.51	13.70	
84.71,-2.02,86.55,71.82	-3.51	13.71	
84.69,-2.08,87.40,71.77	-3.50	13.71	
84.66,-2.15,87.87,71.75	-3.49	13.71	
84.63,-2.22,88.42,71.72	-3.48	13.72	
84.51,-2.26,89.81,71.67	-3.48	13.72	
84.50,-2.19,91.34,71.61	-3.48	13.73	
84.44,-2.18,92.26,71.59	-3.48	13.73	
84.40,-2.29,94.22,71.55	-3.50	13.75	
84.40,-2.31,96.03,71.54	-3.51	13.77	
84.41,-2.24,96.88,71.54	-3.51	13.79	
84.46,-2.15,97.67,71.55	-3.51	13.81	
84.62,-2.12,98.31,71.57	-3.52	13.85	
84.74,-2.08,97.54,71.61	-3.52	13.90	
84.67,-2.07,97.18,71.64	-3.53	13.92	
84.62,-2.05,96.93,71.66	-3.54	13.94	
84.62,-1.96,96.72,71.71	-3.56	13.99	
84.77,-1.99,95.79,71.76	-3.59	14.03	
84.91,-2.07,93.96,71.81	-3.60	14.07	
84.84,-2.02,92.46,71.85	-3.62	14.11	
84.91,-1.93,90.92,71.86	-3.65	14.15	
85.11,-1.73,88.10,71.86	-3.66	14.18	
85.31,-1.58,86.14,71.85	-3.67	14.19	
85.40,-1.49,84.12,71.83	-3.67	14.20	
85.26,-1.46,79.96,71.78	-3.67	14.21	
84.99,-1.60,75.67,71.71	-3.68	14.21	
84.94,-1.66,73.63,71.67	-3.69	14.20	
84.78,-1.87,72.37,71.58	-3.69	14.19	
84.62,-2.11,72.92,71.49	-3.69	14.19	
84.48,-2.28,73.16,71.45	-3.69	14.19	
84.40,-2.38,73.27,71.41	-3.68	14.20	
84.30,-2.45,73.15,71.34	-3.68	14.22	
84.39,-2.26,72.76,71.28	-3.69	14.26	
84.43,-2.17,72.46,71.26	-3.71	14.28	
84.44,-2.02,72.17,71.24	-3.73	14.30	
84.41,-1.85,77.09,71.20	-3.77	14.34	
84.34,-1.79,85.72,71.18	-3.79	14.37	
84.36,-1.85,91.32,71.16	-3.79	14.39	
84.51,-1.98,95.62,71.16	-3.76	14.41	
84.58,-2.01,98.46,71.17	-3.74	14.42	
84.55,-1.96,99.64,71.19	-3.73	14.43	
84.53,-1.92,100.12,71.20	-3.73	14.44	
84.47,-1.86,101.62,71.21	-3.72	14.47	
84.47,-1.81,103.31,71.23	-3.70	14.50	
84.54,-1.79,104.14,71.23	-3.68	14.52	
84.63,-1.76,104.97,71.24	-3.65	14.54	
84.79,-1.74,106.36,71.23	-3.60	14.57	
84.84,-1.78,104.35,71.20	-3.56	14.61	
84.81,-1.87,103.83,71.17	-3.54	14.63	
84.74,-2.01,103.18,71.11	-3.51	14.67	
84.66,-2.11,102.71,71.04	-3.50	14.71	
84.58,-2.00,103.23,70.96	-3.49	14.75	
84.54,-1.98,103.82,70.91	-3.48	14.78	
84.41,-1.86,105.05,70.83	-3.48	14.83	
84.35,-1.63,101.20,70.74	-3.49	14.88	
84.26,-1.52,92.88,70.66	-3.50	14.92	
84.11,-1.45,85.66,70.58	-3.51	14.96	
83.99,-1.47,78.22,70.49	-3.53	14.99	
83.93,-1.48,74.49,70.44	-3.54	15.00	
83.86,-1.47,70.99,70.38	-3.55	15.00	
83.79,-1.57,65.10,70.26	-3.59	15.01	
83.46,-1.83,65.72,70.10	-3.63	15.00	
83.07,-1.96,71.93,69.91	-3.67	14.97	
82.89,-1.91,75.13,69.78	-3.70	14.96	
82.52,-1.83,81.55,69.50	-3.73	14.94	
82.18,-1.64,74.38,69.18	-3.75	14.92	
82.03,-1.63,70.07,68.98	-3.75	14.91	
81.86,-1.68,61.44,68.59	-3.73	14.89	
81.64,-1.63,54.33,68.16	-3.66	14.88	
81.26,-1.59,49.50,67.69	-3.56	14.87	
81.04,-1.76,47.55,67.43	-3.49	14.85	
80.84,-2.11,44.02,66.97	-3.33	14.82	
80.68,-2.34,40.24,66.51	-3.15	14.77	
80.58,-2.46,38.25,66.28	-3.06	14.75	
80.42,-2.64,36.35,66.06	-2.99	14.72	
79.89,-2.99,33.17,65.67	-2.90	14.70	
79.25,-3.17,31.13,65.31	-2.85	14.70	
78.93,-3.18,30.44,65.13	-2.83	14.72	
78.68,-3.15,29.80,64.98	-2.82	14.75	
78.37,-2.80,28.44,64.71	-2.82	14.84	
78.34,-2.30,26.99,64.47	-2.81	14.96	
78.37,-1.97,26.47,64.35	-2.82	15.04	
78.23,-1.65,21.40,64.24	-2.82	15.12	
78.00,-1.19,11.94,64.00	-2.83	15.28	
77.76,-0.97,2.64,63.75	-2.84	15.43	
77.66,-0.88,-1.92,63.59	-2.84	15.51	
77.52,-0.78,-4.71,63.43	-2.84	15.59	
77.10,-0.48,-10.46,63.08	-2.84	15.72	
76.74,-0.29,-16.75,62.66	-2.82	15.83	
76.26,-0.29,-23.12,62.16	-2.80	15.91	
75.87,-0.35,-26.49,61.86	-2.78	15.94	
75.26,-0.43,-33.50,61.26	-2.75	15.99	
74.25,-0.43,-40.84,60.61	-2.71	16.03	
73.78,-0.51,-44.75,60.23	-2.68	16.05	
72.89,-0.63,-41.92,59.50	-2.64	16.08	
72.07,-0.68,-39.82,58.74	-2.59	16.11	
71.23,-0.79,-38.51,57.94	-2.54	16.15	
70.82,-0.86,-38.03,57.50	-2.51	16.18	
70.17,-0.86,-37.00,56.70	-2.44	16.23	
69.65,-0.76,-35.34,55.93	-2.36	16.30	
69.43,-0.75,-34.15,55.52	-2.32	16.35	
68.96,-0.66,-42.27,54.81	-2.24	16.43	
68.56,-0.45,-50.09,54.14	-2.17	16.53	
68.13,-0.29,-58.08,53.52	-2.11	16.62	
67.82,-0.22,-56.68,53.19	-2.08	16.68	
67.30,-0.07,-54.44,52.60	-2.03	16.77	
66.81,0.11,-52.61,52.03	-1.98	16.85	
66.51,0.20,-51.95,51.70	-1.95	16.89	
65.92,0.35,-52.98,51.10	-1.92	16.95	
65.12,0.58,-54.67,50.46	-1.89	17.00	
64.49,0.78,-56.58,49.79	-1.88	17.04	
64.18,0.88,-57.58,49.41	-1.87	17.05	
63.85,0.98,-58.61,49.06	-1.87	17.05	
63.05,1.03,-61.53,48.33	-1.88	17.04	
62.09,0.76,-67.54,47.57	-1.90	17.01	
61.57,0.57,-70.82,47.15	-1.91	16.99	
60.61,0.24,-77.12,46.39	-1.92	16.95	
59.67,-0.03,-82.86,45.63	-1.93	16.93	
58.77,-0.32,-88.84,44.87	-1.94	16.94	
58.22,-0.48,-92.18,44.46	-1.94	16.95	
57.74,-0.56,-95.87,44.09	-1.94	16.97	
56.81,-0.76,-94.44,43.37	-1.92	17.02	
56.12,-0.97,-92.79,42.68	-1.88	17.11	
55.84,-0.87,-91.78,42.31	-1.85	17.17	
55.31,-0.53,-90.08,41.66	-1.79	17.29	
54.80,-0.19,-89.27,41.03	-1.72	17.44	
54.58,-0.05,-89.24,40.69	-1.67	17.52	
54.07,0.21,-89.47,40.08	-1.60	17.67	
53.51,0.56,-89.62,39.48	-1.53	17.83	
52.99,0.84,-88.94,38.86	-1.46	17.99	
52.59,0.99,-88.15,38.52	-1.43	18.07	
52.22,1.10,-87.23,38.21	-1.40	18.15	
51.43,1.11,-85.48,37.58	-1.34	18.29	
50.74,0.93,-84.22,36.92	-1.29	18.43	
50.42,0.87,-83.86,36.55	-1.26	18.51	
49.81,0.92,-83.93,35.85	-1.23	18.65	
49.18,1.35,-85.16,35.12	-1.20	18.79	
48.94,1.60,-80.58,34.72	-1.19	18.87	
48.38,2.00,-72.34,33.97	-1.16	19.00	
47.77,2.42,-65.63,33.22	-1.13	19.13	
47.13,2.67,-60.04,32.46	-1.08	19.25	
46.50,2.84,-54.72,31.68	-1.02	19.35	
45.87,2.83,-49.36,30.93	-0.96	19.42	
45.04,2.72,-44.00,30.18	-0.91	19.48	
44.23,2.71,-38.26,29.38	-0.89	19.54	
43.42,2.93,-32.34,28.61	-0.88	19.59	
42.41,3.11,-27.26,27.81	-0.89	19.64	
41.50,3.07,-23.10,26.99	-0.91	19.67	
40.67,2.98,-19.23,26.13	-0.92	19.70	
39.78,2.87,-15.59,25.31	-0.91	19.71	
39.31,2.82,-13.37,24.86	-0.90	19.72	
38.32,2.62,-7.07,24.03	-0.88	19.72	
37.33,2.43,-0.21,23.22	-0.87	19.71	
36.44,2.30,6.86,22.41	-0.84	19.71	
35.45,2.14,13.77,21.59	-0.81	19.71	
34.62,1.86,20.47,20.84	-0.77	19.72	
33.71,1.81,25.07,20.12	-0.73	19.74	
32.67,2.08,29.07,19.40	-0.68	19.78	
31.93,2.18,32.86,18.75	-0.62	19.83	
31.50,2.22,37.41,18.12	-0.53	19.89	
30.92,2.50,43.13,17.51	-0.43	19.96	
30.29,2.82,49.33,16.87	-0.32	20.04	
29.77,3.14,55.20,16.26	-0.21	20.13	
29.29,3.46,60.09,15.66	-0.10	20.21	
28.82,3.59,63.58,15.02	0.02	20.30	
28.40,3.57,66.69,14.40	0.13	20.36	
27.76,3.67,70.78,13.77	0.23	20.42	
27.12,3.89,76.89,13.08	0.30	20.47	
26.62,3.94,85.11,12.41	0.34	20.50	
25.98,4.03,94.90,11.70	0.38	20.52	
25.23,4.18,93.44,11.01	0.42	20.53	
24.59,4.19,90.54,10.32	0.46	20.53	
23.99,4.26,87.89,9.64	0.50	20.52	
23.22,4.37,85.41,8.92	0.53	20.52	
22.68,4.29,83.25,8.26	0.54	20.52	
22.38,4.07,82.18,7.61	0.55	20.52	
22.13,3.93,82.26,7.27	0.56	20.53	
21.54,3.90,83.22,6.66	0.55	20.55	
20.67,4.03,85.00,6.06	0.51	20.58	
20.24,4.01,86.01,5.74	0.47	20.60	
19.55,3.95,87.78,5.17	0.38	20.64	
18.98,3.91,88.33,4.61	0.29	20.70	
18.68,3.90,88.02,4.30	0.25	20.74	
18.11,3.96,86.77,3.73	0.20	20.81	
17.55,4.06,85.27,3.16	0.14	20.89	
17.03,4.17,83.42,2.57	0.07	20.96	
16.50,4.10,80.94,1.97	0.00	21.03	
15.87,3.94,79.06,1.34	-0.05	21.10	
15.28,3.75,78.49,0.76	-0.07	21.16	
15.03,3.68,78.81,0.44	-0.08	21.20	
14.76,3.61,80.04,0.15	-0.08	21.23	
14.12,3.59,82.96,-0.43	-0.07	21.29	
13.33,3.67,85.32,-1.02	-0.06	21.36	
12.98,3.67,85.99,-1.34	-0.06	21.40	
12.36,3.68,86.14,-1.91	-0.03	21.47	
11.75,3.61,85.04,-2.47	0.00	21.55	
11.11,3.58,83.68,-3.01	0.04	21.64	
10.44,3.61,82.88,-3.56	0.09	21.73	
9.86,3.63,82.96,-4.07	0.13	21.84	
9.44,3.84,83.60,-4.58	0.15	21.95	
9.15,3.96,84.19,-4.85	0.16	22.02	
8.85,3.99,84.92,-5.11	0.16	22.08	
8.28,3.97,86.06,-5.63	0.14	22.19	
7.77,4.08,86.56,-6.15	0.11	22.31	
7.50,4.16,86.72,-6.44	0.09	22.37	
6.96,4.21,86.96,-6.97	0.04	22.47	
6.43,4.09,86.24,-7.52	-0.04	22.55	
6.24,3.92,85.96,-7.83	-0.09	22.59	
6.01,3.64,86.99,-8.37	-0.17	22.66	
5.61,3.60,88.42,-8.91	-0.24	22.72	
4.90,3.70,89.68,-9.44	-0.32	22.76	
4.14,3.58,90.87,-9.94	-0.40	22.79	
3.61,3.38,91.86,-10.45	-0.49	22.82	
3.23,3.35,91.75,-10.90	-0.59	22.84	
2.99,3.28,91.32,-11.13	-0.65	22.85	
2.56,3.11,89.81,-11.54	-0.74	22.87	
2.07,2.95,88.13,-11.92	-0.81	22.90	
1.77,2.88,87.40,-12.13	-0.84	22.92	
1.37,2.80,86.59,-12.51	-0.87	22.96	
1.09,2.83,87.13,-12.89	-0.86	23.02	
0.86,2.89,88.57,-13.30	-0.84	23.09	
0.79,2.94,89.48,-13.52	-0.82	23.13	
0.75,2.99,90.51,-13.72	-0.80	23.18	
0.54,3.24,92.70,-14.12	-0.76	23.27	
0.13,3.62,94.23,-14.51	-0.74	23.36	
-0.31,3.76,93.66,-14.88	-0.74	23.45	
-0.72,3.81,91.68,-15.26	-0.76	23.53	
-1.20,3.95,89.00,-15.60	-0.81	23.60	
-1.61,3.95,86.12,-15.94	-0.89	23.65	
-1.72,3.87,84.88,-16.11	-0.94	23.67	
-1.99,3.58,83.47,-16.41	-1.05	23.70	
-2.29,3.31,83.56,-16.69	-1.14	23.71	
-2.45,3.21,83.95,-16.83	-1.19	23.72	
-2.75,3.01,85.05,-17.06	-1.27	23.72	
-3.03,2.75,86.21,-17.28	-1.35	23.73	
-3.21,2.71,86.64,-17.39	-1.38	23.73	
-3.63,2.66,86.87,-17.56	-1.45	23.74	
-3.96,2.47,85.92,-17.70	-1.51	23.74	
-4.28,2.22,83.31,-17.82	-1.56	23.75	
-4.43,2.04,80.00,-17.93	-1.60	23.76	
-4.57,1.95,76.19,-18.04	-1.63	23.77	
-4.69,1.97,72.42,-18.16	-1.66	23.79	
-4.71,1.95,70.88,-18.24	-1.68	23.80	
-4.66,1.92,69.00,-18.38	-1.72	23.83	
-4.53,2.01,67.75,-18.56	-1.76	23.87	
-4.34,2.00,66.87,-18.75	-1.78	23.91	
-4.33,1.97,66.60,-18.86	-1.77	23.93	
-4.35,1.95,66.38,-18.96	-1.75	23.95	
-4.43,2.07,65.82,-19.16	-1.70	23.99	
-4.55,2.24,64.89,-19.36	-1.63	24.02	
-4.60,2.21,64.25,-19.46	-1.60	24.04	
-4.65,2.26,62.82,-19.64	-1.54	24.08	
-4.66,2.46,61.59,-19.80	-1.51	24.10	
-4.68,2.46,61.08,-19.89	-1.50	24.12	
-4.72,2.27,59.99,-20.02	-1.51	24.14	
-4.95,2.05,58.69,-20.14	-1.54	24.16	
-5.17,2.00,57.32,-20.26	-1.60	24.19	
-5.20,1.94,56.53,-20.32	-1.64	24.21	
-5.09,1.97,54.90,-20.44	-1.71	24.25	
-5.01,2.13,53.35,-20.56	-1.79	24.29	
-4.94,2.23,52.61,-20.62	-1.83	24.32	
-4.97,2.34,51.33,-20.73	-1.90	24.36	
-5.18,2.24,50.61,-20.83	-1.96	24.40	
-5.44,2.05,50.29,-20.90	-2.02	24.42	
-5.52,2.01,50.30,-20.93	-2.06	24.43	
-5.56,1.95,50.39,-20.95	-2.09	24.44	
-5.69,1.79,50.46,-20.98	-2.19	24.46	
-5.98,1.58,50.02,-20.99	-2.31	24.47	
-6.06,1.46,49.31,-20.99	-2.39	24.47	
-6.21,1.35,46.85,-20.99	-2.52	24.47	
-6.31,1.12,41.98,-20.99	-2.66	24.48	
-6.35,0.95,36.30,-20.99	-2.77	24.48	
-6.31,0.90,33.48,-20.99	-2.82	24.49	
-6.17,0.87,28.29,-21.00	-2.90	24.49	
-6.10,0.87,23.66,-21.01	-2.94	24.50	
-6.16,0.73,19.41,-21.01	-2.98	24.50	
-6.23,0.57,17.33,-21.01	-3.00	24.50	
-6.35,0.27,13.34,-21.01	-3.04	24.50	
-6.32,0.01,9.59,-21.02	-3.09	24.51	
-6.16,-0.04,5.92,-21.04	-3.16	24.52	
-5.95,-0.03,2.32,-21.07	-3.23	24.54	
-5.85,-0.15,-1.31,-21.11	-3.30	24.56	
-5.84,-0.17,-3.22,-21.13	-3.33	24.57	
-5.89,-0.13,-5.16,-21.15	-3.36	24.58	
-6.13,-0.05,-8.96,-21.19	-3.43	24.62	
-6.24,0.04,-12.70,-21.26	-3.50	24.66	
-6.23,0.01,-14.67,-21.30	-3.54	24.68	
-6.23,-0.04,-16.74,-21.35	-3.58	24.71	
-6.30,0.16,-20.91,-21.45	-3.67	24.77	
-6.38,0.27,-25.14,-21.55	-3.75	24.83	
-6.40,0.26,-27.41,-21.61	-3.79	24.87	
-6.44,0.18,-29.76,-21.65	-3.82	24.90	
-6.58,0.31,-34.50,-21.72	-3.87	24.97	
-6.62,0.32,-38.92,-21.78	-3.91	25.04	
-6.61,0.21,-43.01,-21.81	-3.95	25.10	
-6.72,0.23,-47.07,-21.82	-4.01	25.14	
-6.65,0.01,-50.98,-21.81	-4.09	25.17	
-6.56,-0.05,-52.94,-21.80	-4.14	25.18	
-6.46,-0.10,-57.08,-21.76	-4.26	25.19	
-6.35,-0.30,-61.40,-21.70	-4.37	25.19	
-6.05,-0.39,-65.73,-21.63	-4.47	25.19	
-5.73,-0.58,-70.13,-21.55	-4.54	25.18	
-5.48,-0.80,-74.96,-21.48	-4.58	25.18	
-5.58,-0.50,-79.29,-21.40	-4.59	25.18	
-5.67,-0.37,-81.24,-21.36	-4.59	25.18	
-5.59,-0.20,-84.64,-21.29	-4.60	25.18	
-5.51,-0.28,-87.24,-21.24	-4.65	25.17	
-5.44,-0.55,-88.25,-21.20	-4.71	25.17	
-5.36,-0.60,-88.82,-21.17	-4.77	25.17	
-5.40,-0.89,-89.95,-21.15	-4.81	25.18	
-5.58,-1.08,-91.73,-21.15	-4.84	25.20	
-5.76,-0.75,-93.24,-21.16	-4.85	25.24	
-6.38,-0.89,-93.52,-21.18	-4.82	25.28	
-5.25,-1.34,-95.71,-21.18	-4.68	25.33	
-5.02,-0.77,-96.25,-21.17	-4.56	25.36	
-5.34,-0.16,-96.53,-21.16	-4.36	25.41	
-5.62,0.02,-96.37,-21.13	-4.23	25.44	
-5.42,-0.08,-96.30,-21.09	-4.16	25.47	
-5.37,-0.04,-96.18,-21.03	-4.11	25.49	
-5.36,-0.20,-96.21,-20.96	-4.08	25.49	
-5.33,-0.36,-96.51,-20.89	-4.07	25.49	
-5.30,-0.36,-96.68,-20.85	-4.07	25.49	
-5.12,-0.31,-97.03,-20.78	-4.06	25.48	
-5.16,-0.27,-97.28,-20.72	-4.01	25.48	
-5.19,-0.23,-97.38,-20.67	-3.93	25.49	
-5.14,-0.19,-97.43,-20.61	-3.79	25.50	
-5.12,-0.02,-97.11,-20.55	-3.59	25.51	
-5.01,0.09,-96.77,-20.52	-3.46	25.52	
-4.62,0.43,-96.14,-20.49	-3.34	25.53	
-4.49,1.41,-94.64,-20.46	-3.24	25.55	
-4.30,0.77,-91.88,-20.45	-3.13	25.56	
-4.92,1.23,-89.61,-20.46	-3.05	25.57	
-4.61,1.14,-87.05,-20.47	-3.02	25.58	
-4.83,1.16,-84.88,-20.49	-2.99	25.60	
-4.79,1.12,-82.60,-20.52	-2.98	25.62	
-4.84,0.97,-81.63,-20.53	-2.98	25.63	
-4.84,1.04,-79.44,-20.56	-2.97	25.65	
-4.89,0.93,-76.95,-20.58	-2.97	25.67	
-4.80,1.30,-73.92,-20.61	-2.96	25.69	
-4.95,1.29,-72.46,-20.63	-2.97	25.70	
-5.04,0.70,-70.72,-20.66	-2.97	25.72	
-4.91,1.06,-68.72,-20.69	-2.96	25.73	
-4.85,1.02,-67.63,-20.70	-2.96	25.73	
-4.92,1.09,-65.10,-20.73	-2.96	25.74	
-4.84,1.12,-62.24,-20.75	-2.96	25.75	
-4.83,1.00,-59.25,-20.78	-2.96	25.77	
-4.92,1.05,-57.59,-20.80	-2.96	25.78	
-4.96,1.08,-54.23,-20.82	-2.97	25.80	
-5.07,0.87,-52.02,-20.84	-2.97	25.82	
-4.96,1.03,-49.02,-20.86	-2.97	25.84	
-4.95,1.18,-46.82,-20.87	-2.97	25.85	
-5.15,1.11,-43.72,-20.89	-2.97	25.86	
-4.98,0.90,-41.96,-20.91	-2.98	25.88	
-4.97,1.00,-41.07,-20.92	-2.98	25.89	
-5.03,0.98,-39.19,-20.93	-2.98	25.90	
-4.93,1.00,-37.39,-20.94	-2.98	25.92	
-4.98,1.06,-35.32,-20.96	-2.99	25.93	
-4.96,0.97,-34.25,-20.97	-2.99	25.94	
-4.95,0.99,-32.03,-20.98	-2.99	25.96	
-5.07,1.04,-29.66,-21.00	-2.99	25.98	
-5.02,1.00,-27.42,-21.01	-2.99	25.99	
-5.01,1.01,-26.37,-21.02	-2.99	26.00	
-4.98,1.01,-24.22,-21.03	-3.00	26.02	
-4.96,1.02,-22.19,-21.05	-3.00	26.04	
-4.98,1.03,-20.46,-21.06	-3.00	26.05	
-4.98,1.01,-20.27,-21.08	-3.00	26.07	
-5.01,1.01,-20.81,-21.09	-3.00	26.09	
-5.01,1.05,-20.55,-21.10	-3.00	26.09	
-5.01,1.06,-21.05,-21.11	-3.00	26.11	
-5.03,1.04,-21.13,-21.13	-3.01	26.13	
-4.96,1.07,-21.36,-21.14	-3.01	26.14	
-4.96,1.00,-21.43,-21.16	-3.01	26.16	
-4.95,1.01,-21.46,-21.17	-3.01	26.18	
-4.97,1.01,-21.34,-21.18	-3.01	26.19	
-4.99,1.02,-21.34,-21.19	-3.01	26.20	
-5.05,1.05,-21.80,-21.21	-3.01	26.22	
-5.06,1.08,-21.29,-21.22	-3.01	26.23	
-4.99,1.05,-21.18,-21.24	-3.02	26.25	
-5.00,1.05,-21.15,-21.24	-3.02	26.26	
-4.94,1.03,-21.17,-21.26	-3.02	26.28	
-4.96,1.06,-21.34,-21.27	-3.02	26.29	
-4.95,1.03,-21.27,-21.29	-3.02	26.31	
-4.93,1.02,-21.36,-21.30	-3.02	26.33	
-5.00,1.03,-21.35,-21.32	-3.02	26.34	
-5.01,1.02,-21.22,-21.33	-3.03	26.35	
-5.00,1.03,-21.14,-21.34	-3.03	26.37	
-5.01,1.03,-21.48,-21.36	-3.03	26.38	
-4.99,1.01,-21.52,-21.37	-3.03	26.40	
-4.97,1.01,-21.42,-21.38	-3.03	26.41	
-5.00,1.01,-21.47,-21.39	-3.03	26.43	
-5.00,1.03,-21.37,-21.41	-3.03	26.44	
-5.02,1.04,-21.36,-21.42	-3.04	26.46	
-5.00,1.05,-21.29,-21.44	-3.04	26.48	
-4.99,1.02,-21.13,-21.45	-3.04	26.49	
-4.97,1.04,-21.14,-21.47	-3.04	26.51	
-4.96,1.02,-21.14,-21.48	-3.04	26.52	
-4.98,1.05,-21.06,-21.49	-3.04	26.54	
-4.98,1.04,-20.99,-21.50	-3.05	26.55	
-4.97,1.06,-20.92,-21.52	-3.05	26.57	
-5.02,1.05,-20.87,-21.53	-3.05	26.59	
-5.03,1.09,-20.78,-21.55	-3.05	26.60	
-5.04,1.07,-20.73,-21.56	-3.05	26.61	
-5.02,1.06,-20.69,-21.57	-3.05	26.63	
-5.02,1.05,-20.67,-21.58	-3.05	26.65	
-5.02,1.05,-20.64,-21.60	-3.06	26.66	
-5.03,1.03,-20.68,-21.61	-3.06	26.67	
-5.01,1.02,-20.73,-21.62	-3.06	26.69	
-5.00,1.02,-20.71,-21.64	-3.06	26.71	
-5.01,1.03,-20.71,-21.65	-3.06	26.72	
-5.03,1.01,-20.73,-21.66	-3.06	26.73	
-5.02,1.03,-20.74,-21.67	-3.06	26.75	
-5.02,1.05,-20.76,-21.69	-3.07	26.76	
-5.03,1.06,-20.80,-21.71	-3.07	26.78	
-5.05,1.05,-20.81,-21.72	-3.07	26.80	
-5.01,1.09,-20.70,-21.74	-3.07	26.81	
-5.01,1.06,-20.69,-21.74	-3.07	26.82	
-4.98,1.02,-20.75,-21.76	-3.07	26.84	
-4.99,1.07,-20.68,-21.77	-3.07	26.86	
-4.94,1.04,-20.61,-21.79	-3.08	26.87	
-4.96,1.02,-20.62,-21.79	-3.08	26.88	
-5.00,1.04,-20.60,-21.81	-3.08	26.90	
-5.01,1.02,-20.63,-21.82	-3.08	26.92	
-5.09,1.06,-20.57,-21.84	-3.08	26.93	
-5.07,1.03,-20.56,-21.85	-3.08	26.94	
-5.06,0.99,-20.59,-21.86	-3.08	26.96	
-5.02,1.01,-20.58,-21.88	-3.09	26.97	
-4.98,1.02,-20.61,-21.89	-3.09	26.99	
-4.99,1.06,-20.62,-21.91	-3.09	27.01	
-5.00,1.00,-20.68,-21.92	-3.09	27.03	
-5.00,0.98,-20.72,-21.93	-3.09	27.04	
-5.02,1.04,-20.72,-21.95	-3.09	27.05	
-5.05,1.02,-20.76,-21.96	-3.09	27.07	
-5.09,1.01,-20.86,-21.98	-3.10	27.08	
-5.04,1.01,-20.89,-21.98	-3.10	27.09	
-5.05,1.05,-20.92,-22.00	-3.10	27.11	
-5.02,1.01,-20.98,-22.01	-3.10	27.13	
-4.99,0.98,-21.14,-22.03	-3.10	27.14	
-4.98,1.02,-21.19,-22.03	-3.10	27.15	
-4.98,1.04,-21.23,-22.05	-3.10	27.17	
-5.01,1.03,-21.26,-22.06	-3.10	27.19	
-5.03,1.00,-21.33,-22.08	-3.11	27.20	
-5.03,0.98,-21.42,-22.09	-3.11	27.22	
-5.01,1.02,-21.44,-22.11	-3.11	27.24	
-4.98,1.01,-21.45,-22.12	-3.11	27.25	
-5.00,0.99,-21.48,-22.13	-3.11	27.26	
-4.97,1.01,-21.46,-22.15	-3.11	27.28	
-5.03,1.05,-21.46,-22.16	-3.11	27.30	
-5.04,1.06,-21.45,-22.17	-3.11	27.30	
-5.06,1.07,-21.44,-22.19	-3.12	27.32	
-5.03,1.05,-21.44,-22.20	-3.12	27.34	
-5.01,1.05,-21.47,-22.21	-3.12	27.35	
-5.01,1.05,-21.51,-22.22	-3.12	27.36	
-5.00,1.05,-21.53,-22.22	-3.12	27.36	
-4.99,1.02,-21.52,-22.24	-3.12	27.38	
-5.00,0.98,-21.66,-22.25	-3.12	27.40	
-5.03,1.00,-21.73,-22.26	-3.12	27.41	
-5.04,1.03,-21.76,-22.27	-3.13	27.42	
-5.05,1.01,-21.79,-22.29	-3.13	27.44	
-5.03,0.97,-21.84,-22.30	-3.13	27.46	
-5.03,0.98,-21.91,-22.31	-3.13	27.46	
