1057,-338,16476,-2,-110,118,1,51,1597,271,
1057,-320,16495,10,-113,115,1,53,1593,277,
1063,-328,16459,3,-104,116,1,56,1590,268,
1057,-332,16470,2,-106,116,1,54,1596,274,
1056,-331,16472,4,-105,118,1,46,1600,266,
1053,-338,16465,4,-103,119,1,43,1603,267,
1056,-327,16469,2,-106,120,1,46,1588,278,
1065,-328,16471,6,-107,120,1,45,1595,273,
1060,-329,16471,4,-108,119,1,52,1598,274,
1060,-323,16462,4,-107,120,1,43,1595,267,
1052,-322,16472,1,-107,117,1,52,1596,278,
1053,-326,16480,2,-108,117,1,42,1600,270,
1063,-327,16477,2,-107,116,1,46,1600,276,
1066,-326,16477,2,-108,117,1,46,1596,266,
1063,-325,16477,4,-112,115,1,52,1594,274,
1070,-321,16471,6,-112,116,1,49,1599,281,
1072,-318,16474,4,-107,118,1,46,1592,276,
1064,-324,16473,9,-109,116,1,46,1594,268,
1067,-328,16474,7,-108,118,1,48,1590,274,
1070,-322,16464,8,-107,117,1,49,1595,263,
1068,-327,16472,8,-109,118,1,46,1598,268,
1062,-326,16464,5,-111,119,1,47,1591,273,
1068,-329,16469,8,-111,119,1,40,1594,270,
1062,-332,16463,7,-111,120,1,46,1592,266,
1057,-329,16454,9,-110,118,1,42,1592,272,
1052,-334,16448,5,-109,119,1,47,1595,273,
1056,-334,16451,4,-108,116,1,54,1600,272,
1061,-331,16453,6,-109,117,1,50,1594,268,
1066,-331,16462,2,-110,116,1,56,1588,266,
1063,-334,16473,-1,-110,114,1,47,1595,275,
1067,-331,16478,1,-108,117,1,51,1591,269,
1064,-328,16480,1,-110,117,1,45,1599,277,
1065,-332,16474,3,-107,116,1,47,1587,275,
1052,-343,16458,2,-108,116,1,49,1591,269,
1054,-349,16463,1,-112,119,1,50,1602,274,
1058,-342,16471,1,-109,118,1,44,1598,276,
1063,-342,16468,-3,-109,117,1,50,1592,278,
1062,-335,16467,-3,-109,117,1,41,1597,271,
1065,-334,16460,-2,-107,120,1,49,1593,271,
1061,-327,16462,2,-104,122,1,46,1594,272,
1062,-321,16458,0,-105,120,1,46,1592,268,
1058,-328,16454,-1,-103,118,1,45,1597,275,
1062,-331,16456,2,-106,116,1,40,1588,274,
1056,-327,16452,1,-109,117,1,55,1591,281,
1058,-332,16449,0,-108,116,1,46,1594,268,
1062,-326,16451,0,-106,118,1,41,1591,273,
1055,-317,16456,0,-108,115,1,52,1598,272,
1059,-325,16463,4,-106,114,1,47,1595,263,
1065,-324,16470,7,-105,116,1,48,1604,274,
1063,-323,16464,4,-106,114,1,48,1594,272,
1060,-321,16456,3,-104,113,1,45,1591,273,
1051,-321,16457,2,-106,115,1,42,1590,274,
1046,-324,16457,0,-106,117,1,49,1601,271,
1049,-324,16456,0,-105,119,1,49,1591,275,
1046,-322,16454,-2,-106,115,1,45,1599,273,
1050,-325,16465,-2,-103,116,1,46,1602,270,
1047,-330,16462,2,-104,118,1,48,1596,276,
1046,-327,16460,1,-105,118,1,44,1592,266,
1054,-332,16465,-2,-104,119,1,49,1597,275,
1054,-325,16472,1,-104,120,1,45,1593,273,
1051,-320,16460,2,-106,115,1,38,1592,266,
1055,-323,16451,6,-108,119,1,53,1599,275,
1050,-325,16457,6,-109,118,1,44,1588,264,
1052,-330,16453,6,-108,120,1,49,1591,269,
1052,-327,16458,5,-106,118,1,49,1593,279,
1051,-330,16446,0,-106,116,1,48,1596,278,
1056,-333,16446,1,-108,116,1,49,1595,269,
1060,-333,16454,0,-109,114,1,48,1592,274,
1054,-330,16456,0,-110,116,1,49,1591,269,
1054,-331,16457,1,-108,118,1,47,1593,271,
1055,-326,16459,-3,-109,117,1,48,1598,272,
1056,-324,16456,-3,-106,117,1,58,1596,272,
1056,-324,16463,-1,-105,112,1,46,1596,270,
1055,-323,16472,0,-107,112,1,46,1594,272,
1062,-329,16471,1,-107,113,1,50,1592,268,
1062,-318,16463,2,-108,113,1,36,1596,272,
1064,-319,16484,5,-110,115,1,47,1595,271,
1066,-326,16486,6,-109,119,1,47,1591,273,
1061,-329,16477,1,-108,119,1,44,1600,274,
1061,-335,16474,1,-107,115,1,43,1605,275,
1071,-332,16458,0,-106,116,1,44,1590,274,
1067,-328,16464,-1,-109,118,1,54,1594,278,
1070,-334,16458,1,-108,115,1,50,1592,268,
1065,-333,16462,-4,-109,119,1,48,1594,274,
1060,-329,16474,1,-108,119,1,42,1598,278,
1063,-332,16467,2,-112,118,1,43,1589,267,
1055,-325,16470,4,-112,114,1,48,1594,272,
1057,-340,16459,5,-109,117,1,39,1593,265,
1058,-336,16463,2,-109,113,1,39,1595,275,
1065,-336,16455,5,-109,112,1,53,1591,273,
1050,-328,16461,1,-108,115,1,44,1590,272,
1053,-337,16475,0,-107,120,1,48,1590,274,
1047,-323,16474,1,-110,117,1,48,1594,270,
1052,-316,16453,0,-108,117,1,41,1595,273,
1049,-332,16457,2,-114,117,1,46,1600,272,
1059,-324,16457,2,-116,119,1,45,1605,269,
1050,-326,16460,6,-111,115,1,49,1597,279,
1051,-330,16459,6,-108,114,1,42,1594,274,
1055,-332,16454,2,-110,114,1,50,1592,274,
1056,-322,16484,7,-108,115,1,43,1593,273,
1059,-321,16482,6,-106,118,1,42,1596,278,
1052,-311,16484,2,-107,118,1,54,1596,274,
1053,-318,16478,2,-108,121,1,52,1592,262,
1051,-321,16474,2,-111,117,1,43,1591,265,
1057,-318,16470,5,-106,114,1,44,1596,270,
1059,-318,16458,2,-107,111,1,49,1591,279,
1064,-329,16449,7,-102,111,1,44,1590,268,
1058,-330,16454,6,-104,115,1,49,1597,261,
1063,-328,16484,5,-106,116,1,46,1596,264,
1072,-334,16497,5,-106,115,1,49,1591,271,
1066,-329,16475,7,-108,115,1,45,1591,275,
1065,-323,16463,2,-109,117,1,47,1591,271,
1059,-324,16464,3,-110,119,1,50,1598,278,
1051,-322,16449,4,-108,119,1,48,1596,266,
1059,-328,16459,0,-106,116,1,47,1595,271,
1061,-329,16461,-1,-108,114,1,54,1590,274,
1058,-326,16461,-1,-103,120,1,47,1591,273,
1051,-323,16467,4,-103,122,1,49,1587,269,
1053,-330,16475,8,-107,119,1,54,1596,280,
1064,-327,16470,7,-108,119,1,50,1596,272,
1058,-329,16472,6,-106,117,1,52,1594,266,
1059,-327,16464,0,-106,117,1,45,1597,271,
1061,-323,16465,2,-112,116,1,48,1598,270,
1061,-326,16463,3,-114,117,1,46,1600,276,
1052,-324,16474,5,-116,116,1,56,1594,274,
1057,-317,16465,2,-116,114,1,39,1597,275,
1054,-331,16464,2,-115,114,1,39,1595,269,
1052,-341,16461,4,-112,117,1,44,1592,276,
1054,-336,16472,0,-106,119,1,50,1594,274,
1057,-332,16467,-2,-115,119,1,39,1599,271,
1061,-326,16467,0,-115,118,1,50,1600,276,
1052,-331,16481,0,-109,120,1,41,1589,279,
1055,-322,16476,-1,-108,119,1,50,1592,280,
1049,-325,16474,1,-109,120,1,43,1601,275,
1058,-328,16476,4,-115,121,1,47,1599,275,
1059,-323,16465,0,-117,115,1,48,1600,276,
1052,-328,16468,1,-110,121,1,49,1591,275,
1046,-327,16459,-1,-114,120,1,43,1591,269,
1051,-324,16454,2,-112,121,1,40,1592,276,
1057,-328,16460,0,-108,120,1,51,1589,271,
1058,-335,16456,2,-105,118,1,52,1596,270,
1055,-336,16449,1,-110,118,1,44,1594,272,
1059,-339,16455,6,-103,116,1,50,1600,268,
1053,-335,16449,6,-101,115,1,46,1596,274,
1052,-333,16462,7,-106,113,1,53,1595,269,
1056,-328,16462,3,-108,114,1,43,1591,271,
1053,-331,16473,4,-108,117,1,53,1599,277,
1055,-332,16481,4,-109,117,1,47,1603,279,
1058,-330,16481,4,-109,115,1,48,1588,272,
1052,-324,16475,1,-107,116,1,43,1599,275,
1060,-324,16478,1,-107,114,1,42,1592,274,
1071,-329,16475,5,-107,114,1,54,1590,272,
1069,-337,16486,4,-111,112,1,45,1599,269,
1066,-339,16475,6,-112,119,1,46,1598,270,
1104,-328,16483,1,-79,115,1,48,1598,278,
1059,-343,16489,-6,-31,119,1,51,1595,273,
1048,-335,16464,-7,-50,122,1,40,1592,268,
1043,-335,16479,2,-78,119,1,53,1595,269,
1021,-326,16467,2,-77,117,1,48,1602,270,
1025,-341,16462,6,-110,112,1,51,1593,271,
1053,-321,16487,0,-100,114,1,47,1597,271,
1045,-329,16468,-5,-85,112,1,43,1597,269,
1045,-342,16480,-8,-95,115,1,45,1591,275,
1047,-331,16488,-3,-98,115,1,42,1592,270,
1033,-335,16476,-3,-110,118,1,46,1596,270,
1062,-334,16466,3,-108,119,1,45,1597,271,
1033,-339,16466,6,-101,117,1,50,1586,276,
1057,-331,16467,5,-131,117,1,57,1589,269,
1075,-336,16481,3,-110,118,1,44,1592,268,
1057,-329,16471,1,-84,118,1,41,1599,269,
1058,-320,16460,-7,-49,119,1,45,1591,275,
1007,-320,16459,-5,-77,115,1,42,1596,264,
1017,-324,16464,-2,-129,115,1,48,1598,278,
1038,-317,16484,-9,-122,132,1,49,1591,275,
1024,-354,16486,-3,-123,123,1,49,1597,277,
1063,-316,16467,-7,-133,127,1,43,1595,273,
1073,-339,16462,-7,-117,129,1,50,1596,274,
1089,-342,16480,-3,-104,108,1,54,1596,270,
1049,-334,16456,2,-99,107,1,41,1591,263,
1037,-322,16459,-6,-81,117,1,42,1592,272,
1039,-347,16460,-4,-77,111,1,44,1594,270,
1043,-348,16468,0,-46,93,1,46,1598,268,
1006,-359,16453,14,-97,99,1,47,1595,279,
1077,-321,16485,13,-82,110,1,47,1607,277,
1066,-332,16485,-13,-17,125,1,52,1596,282,
1009,-332,16468,4,-56,127,1,50,1594,278,
1037,-324,16484,4,-82,126,1,36,1600,280,
1050,-324,16488,-3,-53,145,1,48,1592,272,
1059,-318,16492,-32,8,146,1,47,1595,271,
1017,-339,16475,-32,11,155,1,42,1594,272,
1000,-343,16444,-42,-40,146,1,52,1594,278,
1059,-352,16477,-34,-22,141,1,43,1591,279,
999,-361,16491,-22,0,151,1,48,1596,276,
986,-353,16471,-3,-55,134,1,45,1601,273,
1040,-313,16513,2,-61,124,1,55,1593,279,
1010,-351,16485,-17,6,139,1,46,1592,278,
1009,-351,16479,1,7,144,1,51,1589,275,
1023,-325,16500,-19,35,136,1,47,1589,275,
957,-352,16467,-37,2,149,1,49,1593,273,
962,-348,16471,-14,-54,128,1,52,1594,272,
973,-336,16477,-5,-71,94,1,47,1599,281,
987,-348,16473,0,-63,63,1,40,1598,272,
996,-393,16465,17,-71,54,1,46,1590,276,
957,-398,16453,60,-119,74,1,46,1590,282,
971,-337,16477,84,-206,65,1,42,1594,270,
1052,-340,16487,60,-165,84,1,44,1588,280,
1000,-317,16483,46,-105,99,1,44,1594,272,
978,-312,16481,23,-130,106,1,45,1591,283,
1004,-332,16492,15,-152,120,1,52,1594,274,
1018,-331,16476,-2,-96,129,1,45,1587,271,
974,-337,16469,1,-89,129,1,44,1594,268,
969,-340,16474,8,-123,125,1,47,1595,275,
997,-350,16485,8,-136,124,1,49,1593,273,
994,-341,16469,18,-115,125,1,46,1594,266,
975,-338,16471,13,-120,125,1,46,1592,278,
969,-336,16472,7,-142,129,1,43,1591,277,
998,-327,16474,-1,-128,121,1,48,1594,270,
1015,-349,16487,-20,-64,117,1,44,1598,278,
976,-354,16479,6,-71,114,1,47,1595,267,
1011,-329,16468,17,-95,120,1,46,1596,268,
1001,-318,16483,3,-94,124,1,52,1592,272,
975,-326,16462,-8,-99,112,1,57,1595,277,
973,-351,16462,7,-133,112,1,50,1590,276,
997,-327,16469,2,-122,110,1,47,1593,277,
984,-330,16469,-6,-104,105,1,51,1597,271,
984,-327,16468,-6,-109,98,1,39,1593,279,
997,-332,16470,-10,-106,101,1,49,1591,269,
1008,-363,16482,-8,-81,114,1,46,1594,278,
982,-363,16470,16,-68,129,1,50,1590,282,
980,-292,16492,-2,-55,133,1,36,1588,280,
1018,-330,16505,-46,8,141,1,52,1596,280,
1069,-380,16591,-68,164,193,1,47,1587,271,
1121,-353,16631,-133,389,304,1,56,1584,274,
1056,-358,16598,-152,658,410,1,43,1591,273,
847,-310,16542,-87,795,402,1,50,1586,280,
788,-342,16421,-118,762,382,1,44,1588,276,
780,-285,16396,-49,647,385,1,42,1590,274,
826,-352,16634,-133,653,408,1,46,1582,272,
678,-367,16668,-337,780,396,1,43,1589,285,
493,-303,16725,-458,949,373,1,42,1586,274,
302,-275,16899,-592,991,375,1,46,1584,264,
168,-428,17223,-661,761,350,1,42,1590,286,
225,-547,17434,-589,298,363,1,49,1585,277,
441,-639,17551,-280,-330,344,1,45,1587,273,
580,-795,17449,136,-976,434,1,48,1580,274,
624,-753,17418,656,-1594,540,1,45,1589,279,
764,-828,17282,1214,-2073,669,1,52,1584,286,
855,-743,17015,1706,-2390,867,1,45,1583,269,
895,-555,17014,2012,-2399,923,1,45,1585,271,
947,-336,16806,1960,-2144,868,1,47,1585,273,
996,-214,16652,1624,-1748,740,1,53,1589,271,
1003,-188,16418,1078,-1343,608,1,53,1587,259,
1033,-172,16156,322,-970,422,1,55,1589,271,
1044,-161,15945,-629,-659,253,1,50,1582,264,
1098,-190,15800,-1807,-422,152,1,48,1592,268,
1259,-262,15713,-3128,-214,105,1,46,1586,270,
1387,-322,15695,-4100,-62,38,1,52,1584,272,
1387,-501,15780,-4546,-8,-45,1,49,1589,271,
1459,-614,15865,-4283,-62,-150,1,52,1588,274,
1464,-735,15880,-3249,-168,-308,1,46,1572,272,
1431,-869,15981,-1901,-316,-407,1,48,1576,272,
1389,-1058,16015,-654,-495,-496,1,45,1581,269,
1339,-1245,16034,-45,-728,-457,1,51,1579,277,
1349,-1320,16105,-60,-862,-330,1,52,1588,272,
1377,-1196,16039,-538,-868,-332,1,48,1576,272,
1355,-1188,16084,-1199,-769,-279,1,40,1578,278,
1353,-1729,16187,-1723,-608,3,1,35,1581,269,
1338,-1740,16264,-2233,-364,349,1,48,1586,268,
1349,-1568,16283,-2715,-143,464,1,49,1575,269,
1395,-1471,16381,-3016,-57,529,1,55,1583,269,
1383,-1544,16590,-2863,15,494,1,49,1579,269,
1400,-1634,16601,-2270,28,355,1,44,1580,270,
1403,-1720,16711,-1678,-43,259,1,39,1585,273,
1384,-1895,16738,-1356,-117,224,1,46,1578,270,
1432,-1960,16546,-1412,-222,237,1,55,1581,269,
1456,-1955,16468,-1847,-317,234,1,46,1580,268,
1420,-2075,16505,-2526,-308,209,1,43,1571,275,
1390,-2243,16460,-3180,-233,193,1,38,1580,270,
1454,-2282,16404,-3664,-153,186,1,43,1573,273,
1484,-2373,16359,-3776,-128,108,1,46,1576,272,
1456,-2613,16359,-3746,-219,4,1,44,1572,272,
1497,-2866,16182,-3685,-456,-23,1,43,1573,273,
1639,-3046,16016,-3460,-746,8,1,43,1577,269,
1724,-3154,15976,-3232,-971,-8,1,42,1576,270,
1799,-3330,15996,-3284,-1209,18,1,46,1568,268,
1876,-3531,15923,-3623,-1420,33,1,51,1567,267,
1874,-3724,15838,-3996,-1495,4,1,50,1564,264,
1858,-3978,15811,-4384,-1524,67,1,44,1570,264,
1904,-4089,15733,-4665,-1527,71,1,38,1568,260,
1964,-4139,15764,-4914,-1481,83,1,48,1568,266,
1942,-4407,15823,-5104,-1306,77,1,51,1563,271,
1862,-4720,15777,-5135,-1074,103,1,45,1569,269,
1928,-4939,15776,-5061,-829,104,1,47,1573,263,
2061,-5056,15663,-4892,-640,93,1,51,1567,265,
2134,-5234,15576,-4710,-580,101,1,47,1563,271,
2132,-5484,15489,-4633,-523,117,1,51,1559,273,
2111,-5801,15343,-4664,-493,243,1,50,1558,258,
2152,-5988,15080,-4778,-450,270,1,45,1561,259,
2285,-6190,14954,-5206,-380,314,1,49,1557,267,
2345,-6463,14998,-5795,-350,422,1,46,1558,254,
2216,-6685,15052,-6120,-453,515,1,48,1552,266,
2117,-6887,15171,-6109,-559,534,1,46,1556,268,
2196,-7177,15115,-6038,-766,441,1,45,1551,263,
2303,-7272,15117,-6003,-1243,300,1,49,1549,263,
2393,-7346,15093,-5937,-1763,88,1,53,1549,255,
2361,-7690,14827,-5934,-2143,-125,1,52,1544,262,
2442,-8045,14625,-6181,-2372,-271,1,53,1547,261,
2576,-8239,14416,-6581,-2497,-350,1,47,1543,255,
2653,-8555,14242,-6697,-2548,-286,1,49,1541,257,
2674,-8989,14045,-6541,-2534,-104,1,52,1540,254,
2700,-9259,13823,-6084,-2507,129,1,56,1538,254,
2769,-9328,13589,-5231,-2424,235,1,54,1540,254,
2875,-9379,13356,-4442,-2273,286,1,51,1537,253,
2908,-9459,13145,-3720,-2089,399,1,50,1546,244,
2990,-9598,12909,-2891,-1818,504,1,58,1536,248,
3059,-9573,12486,-2453,-1362,547,1,62,1536,246,
3145,-9561,12279,-2690,-985,564,1,54,1550,254,
3186,-9660,12210,-3161,-852,531,1,60,1540,250,
3238,-9773,12028,-3533,-777,415,1,52,1532,248,
3363,-9878,11853,-4008,-692,297,1,52,1534,254,
3506,-10049,11756,-4614,-806,245,1,54,1536,250,
3531,-10299,11613,-5000,-998,227,1,54,1536,248,
3513,-10647,11575,-5128,-1090,226,1,61,1535,249,
3603,-10831,11525,-5113,-1294,242,1,61,1531,243,
3597,-10913,11580,-5008,-1661,212,1,57,1535,243,
3497,-11189,11696,-4929,-2016,233,1,48,1530,250,
3464,-11403,11524,-4906,-2197,279,1,60,1530,236,
3495,-11581,11444,-4940,-2326,348,1,56,1534,234,
3415,-11642,11379,-4824,-2369,428,1,62,1516,238,
3336,-11757,11265,-4685,-2259,512,1,57,1535,235,
3301,-11935,11105,-4735,-1955,631,1,63,1527,237,
3378,-12026,10941,-5066,-1549,761,1,67,1527,241,
3516,-12069,10871,-5401,-1271,866,1,59,1525,233,
3547,-12194,10670,-5435,-1143,897,1,57,1523,239,
3572,-12510,10527,-5212,-1057,914,1,67,1531,235,
3715,-12924,10622,-4710,-915,1084,1,65,1525,231,
3700,-12915,10232,-4037,-946,1247,1,63,1519,231,
3698,-12946,9993,-3921,-1120,1288,1,60,1526,234,
3717,-13050,9646,-4271,-1145,1295,1,64,1530,234,
3717,-13004,9617,-4481,-1074,1289,1,59,1513,233,
3672,-12851,9445,-4438,-1161,1266,1,59,1517,229,
3629,-13024,9269,-4102,-1269,1162,1,58,1522,228,
3580,-13206,9277,-3388,-1280,1088,1,60,1520,236,
3500,-13208,9305,-2594,-1314,1055,1,63,1519,223,
3432,-13361,9294,-1789,-1239,1081,1,57,1511,231,
3280,-13346,9162,-1003,-1029,1025,1,63,1517,225,
3225,-13717,8866,-877,-785,984,1,54,1518,232,
3232,-13850,8418,-484,-410,922,1,60,1518,230,
3416,-14062,8310,-114,-202,920,1,57,1517,231,
3595,-14023,8180,-110,-173,895,1,62,1514,226,
3799,-14079,8085,-328,-366,886,1,58,1514,226,
3912,-14092,7975,-496,-626,904,1,62,1520,224,
3756,-14127,8037,-513,-726,897,1,71,1515,229,
3531,-14134,8172,-657,-663,860,1,57,1513,219,
3451,-14167,8506,-1153,-619,864,1,64,1514,224,
3411,-14247,8570,-1692,-581,936,1,57,1507,217,
3343,-14332,8647,-1800,-488,952,1,68,1514,224,
3236,-14503,8732,-1728,-384,879,1,51,1515,221,
3124,-14514,8823,-1774,-305,738,1,64,1514,218,
3083,-14407,8837,-1771,-231,550,1,67,1513,221,
3042,-14369,8682,-1622,-77,431,1,58,1516,224,
3055,-14369,8357,-1638,226,368,1,67,1513,217,
3105,-14349,8116,-2059,531,323,1,71,1513,227,
3229,-14306,7920,-2563,690,353,1,62,1508,222,
3352,-14249,7671,-2677,657,395,1,63,1507,223,
3400,-14170,7343,-2597,518,383,1,62,1516,222,
3494,-14140,7114,-2721,218,304,1,59,1513,221,
3532,-14203,6912,-3027,-123,207,1,60,1516,218,
3516,-14315,6635,-3188,-377,133,1,55,1511,221,
3503,-14328,6463,-3294,-608,83,1,66,1506,212,
3416,-14368,6436,-3443,-785,30,1,64,1508,212,
3307,-14539,6428,-3517,-861,5,1,63,1511,221,
3204,-14556,6490,-3549,-836,-10,1,67,1513,223,
3145,-14507,6512,-3576,-731,-45,1,62,1504,218,
3103,-14592,6430,-3568,-478,-40,1,65,1511,213,
3066,-14666,6327,-3554,-189,0,1,59,1509,211,
3104,-14743,6210,-3479,88,39,1,64,1504,216,
3140,-14795,6053,-3289,372,87,1,56,1512,208,
3086,-14878,5928,-3124,591,125,1,56,1512,206,
2987,-14983,5833,-3111,812,175,1,50,1502,210,
3010,-15073,5642,-3144,947,194,1,63,1505,215,
3093,-15221,5510,-3046,958,227,1,64,1502,212,
3081,-15347,5455,-2836,974,329,1,58,1514,210,
2992,-15410,5360,-2600,1094,392,1,65,1513,215,
3032,-15451,5241,-2443,1252,395,1,57,1503,213,
3204,-15487,5174,-2295,1359,462,1,59,1507,215,
3315,-15545,5058,-2077,1473,558,1,56,1500,208,
3183,-15608,5026,-1897,1629,571,1,71,1513,213,
3121,-15735,5060,-1788,1787,569,1,56,1498,212,
3178,-15808,4973,-1587,1905,671,1,57,1501,207,
3175,-15834,4765,-1265,1945,776,1,55,1507,219,
3153,-15847,4613,-1058,1961,787,1,62,1504,222,
3142,-15853,4546,-1040,1936,734,1,55,1503,215,
3147,-15764,4532,-1063,1832,672,1,60,1496,216,
3055,-15677,4371,-1084,1691,591,1,63,1505,211,
2911,-15680,4259,-1137,1562,518,1,50,1504,210,
2740,-15701,4200,-1177,1485,434,1,57,1501,213,
2639,-15574,4203,-1235,1464,306,1,54,1500,222,
2565,-15394,4201,-1554,1444,114,1,61,1501,219,
2594,-15374,4158,-2064,1395,-99,1,59,1509,217,
2646,-15479,4101,-2295,1350,-226,1,52,1500,210,
2629,-15557,4073,-2149,1265,-263,1,54,1510,212,
2622,-15662,3976,-2020,1203,-181,1,60,1498,212,
2566,-15773,3830,-2110,1330,-34,1,54,1500,212,
2512,-15844,3819,-2371,1522,113,1,54,1504,218,
2408,-15835,3891,-2601,1673,281,1,54,1492,206,
2268,-15802,3926,-2647,1756,394,1,49,1507,217,
2145,-15814,3929,-2539,1812,417,1,56,1496,210,
1993,-15811,4075,-2419,1930,382,1,53,1497,215,
1874,-15900,4197,-2324,2114,348,1,54,1502,218,
1860,-16045,4124,-2119,2336,385,1,55,1501,219,
1903,-16057,3937,-1780,2524,459,1,69,1495,221,
1980,-16028,3716,-1499,2686,522,1,58,1496,216,
2049,-16027,3565,-1367,2775,582,1,55,1495,215,
2035,-15995,3446,-1175,2713,701,1,57,1497,217,
2017,-15951,3448,-802,2504,865,1,60,1500,206,
2083,-15963,3413,-257,2186,1046,1,61,1499,221,
2117,-16021,3273,167,1853,1145,1,51,1497,219,
2143,-16126,3227,345,1509,1132,1,59,1505,225,
2065,-16255,3235,363,1157,1057,1,56,1502,214,
1923,-16311,3222,346,872,937,1,56,1506,218,
1827,-16294,3333,232,705,792,1,54,1496,218,
1733,-16334,3380,27,608,601,1,52,1502,216,
1701,-16379,3253,-193,518,395,1,47,1505,213,
1745,-16369,3125,-458,407,190,1,51,1495,217,
1763,-16398,3055,-708,322,-10,1,52,1498,222,
1773,-16479,3104,-920,254,-137,1,60,1496,224,
1782,-16480,3151,-967,168,-181,1,48,1502,218,
1798,-16466,3114,-863,12,-185,1,54,1496,216,
1793,-16504,3071,-720,-160,-132,1,49,1503,215,
1770,-16490,3058,-695,-220,-71,1,45,1493,221,
1789,-16399,3061,-831,-218,-5,1,49,1503,219,
1806,-16327,3046,-953,-221,40,1,50,1504,214,
1781,-16315,3071,-883,-214,51,1,56,1496,216,
1731,-16272,3135,-748,-171,56,1,54,1504,206,
1706,-16230,3112,-684,-125,56,1,57,1501,219,
1727,-16209,3026,-647,-68,58,1,51,1499,215,
1734,-16197,2985,-579,6,53,1,52,1498,214,
1770,-16201,2982,-492,33,67,1,48,1490,220,
1760,-16220,2926,-328,-63,99,1,55,1497,217,
1744,-16240,2875,-98,-218,84,1,49,1499,213,
1763,-16208,2817,0,-346,50,1,52,1500,212,
1773,-16200,2713,-61,-424,16,1,57,1507,211,
1803,-16256,2679,-171,-405,45,1,47,1497,215,
1821,-16224,2702,-277,-291,123,1,58,1502,214,
1829,-16166,2710,-366,-141,175,1,51,1495,217,
1878,-16177,2743,-357,-42,192,1,54,1496,220,
1899,-16199,2772,-251,-12,195,1,56,1498,212,
1837,-16212,2754,-136,8,195,1,56,1496,216,
1796,-16204,2729,-85,59,207,1,60,1500,222,
1827,-16194,2623,-87,129,221,1,52,1498,214,
1850,-16202,2553,-115,172,221,1,51,1495,213,
1846,-16150,2561,-156,195,208,1,49,1503,207,
1787,-16050,2559,-235,209,141,1,54,1498,212,
1793,-16021,2526,-336,190,47,1,49,1497,217,
1840,-16071,2507,-451,127,-21,1,39,1493,207,
1849,-16092,2478,-565,64,-61,1,49,1491,213,
1851,-16082,2438,-736,4,-59,1,55,1505,213,
1884,-16128,2436,-864,-52,-28,1,53,1501,219,
1922,-16203,2461,-885,-108,-9,1,58,1502,218,
1935,-16264,2526,-872,-155,-22,1,51,1507,219,
1887,-16341,2570,-858,-194,-22,1,53,1505,213,
1796,-16409,2631,-762,-207,2,1,54,1492,220,
1751,-16439,2675,-595,-180,28,1,59,1503,217,
1747,-16460,2685,-505,-101,49,1,52,1500,222,
1727,-16528,2695,-454,26,84,1,47,1495,223,
1718,-16567,2664,-349,165,105,1,51,1489,213,
1774,-16547,2692,-277,266,145,1,60,1500,216,
1830,-16515,2595,-262,305,218,1,51,1495,207,
1868,-16465,2450,-261,344,293,1,58,1496,214,
1884,-16396,2361,-250,324,336,1,50,1498,208,
1861,-16306,2355,-181,219,362,1,51,1499,215,
1808,-16232,2325,-105,105,365,1,53,1497,225,
1791,-16167,2262,-93,1,333,1,48,1494,212,
1796,-16154,2266,-92,-117,278,1,55,1495,219,
1751,-16109,2274,-23,-210,237,1,57,1495,217,
1673,-16059,2276,-35,-233,180,1,52,1498,214,
1638,-16123,2228,-247,-204,112,1,53,1497,219,
1628,-16175,2199,-457,-176,76,1,46,1494,220,
1698,-16226,2216,-458,-182,64,1,59,1497,215,
1767,-16270,2269,-326,-229,90,1,55,1497,223,
1782,-16322,2247,-279,-259,128,1,49,1503,221,
1763,-16367,2195,-336,-233,165,1,50,1496,216,
1744,-16384,2213,-385,-158,231,1,50,1496,212,
1794,-16366,2237,-336,-84,325,1,46,1488,206,
1769,-16342,2250,-170,-89,366,1,49,1491,215,
1692,-16350,2255,-20,-123,362,1,55,1487,213,
1665,-16363,2238,-23,-97,384,1,51,1495,203,
1604,-16347,2167,-157,-5,397,1,50,1498,210,
1562,-16316,2122,-305,77,398,1,52,1500,210,
1546,-16253,2100,-384,97,390,1,52,1502,216,
1556,-16244,2065,-491,89,364,1,50,1488,214,
1601,-16280,2008,-681,74,337,1,47,1499,209,
1629,-16283,2007,-811,7,299,1,51,1491,217,
1618,-16236,1995,-824,-127,261,1,42,1496,212,
1601,-16267,1895,-864,-269,237,1,49,1497,209,
1581,-16304,1795,-949,-442,181,1,51,1503,213,
1594,-16366,1820,-964,-696,120,1,55,1499,219,
1575,-16417,1817,-824,-925,105,1,50,1494,222,
1539,-16438,1763,-695,-1060,93,1,47,1501,203,
1534,-16426,1779,-813,-1044,21,1,49,1499,219,
1514,-16450,1836,-1108,-898,-68,1,60,1496,210,
1508,-16388,1883,-1286,-706,-147,1,43,1495,211,
1526,-16318,1831,-1326,-542,-222,1,48,1496,214,
1606,-16354,1704,-1370,-464,-272,1,50,1494,206,
1722,-16416,1495,-1450,-446,-266,1,56,1500,206,
1850,-16413,1345,-1468,-461,-253,1,48,1492,208,
1921,-16407,1260,-1439,-503,-215,1,48,1486,212,
1974,-16472,1193,-1337,-551,-139,1,57,1493,209,
1959,-16501,1109,-1155,-598,-79,1,51,1493,209,
1948,-16535,1076,-967,-630,-43,1,53,1497,209,
1952,-16559,1076,-877,-606,9,1,52,1496,214,
1901,-16534,1074,-867,-509,32,1,52,1494,206,
1817,-16542,1083,-842,-380,51,1,59,1497,207,
1731,-16555,1167,-712,-229,110,1,53,1489,201,
1764,-16532,1151,-515,-112,160,1,48,1488,208,
1874,-16482,1078,-330,-121,158,1,62,1496,214,
2028,-16461,925,-220,-225,139,1,55,1499,203,
2043,-16466,765,-138,-328,141,1,58,1488,204,
1928,-16464,736,-73,-347,165,1,49,1493,209,
1798,-16454,838,-45,-352,186,1,51,1495,209,
1709,-16422,930,19,-449,195,1,49,1495,211,
1713,-16378,991,205,-542,174,1,46,1488,200,
1688,-16373,1024,369,-560,118,1,52,1498,212,
1672,-16412,1062,350,-521,71,1,58,1494,214,
1672,-16497,1098,229,-426,31,1,51,1495,205,
1741,-16555,1184,149,-334,-1,1,53,1499,209,
1806,-16596,1235,209,-293,6,1,55,1491,207,
1847,-16668,1256,456,-291,69,1,52,1482,208,
1848,-16705,1257,738,-292,153,1,60,1496,212,
1857,-16657,1235,908,-330,201,1,45,1489,209,
1803,-16596,1291,1012,-353,209,1,59,1493,203,
1705,-16500,1366,1183,-281,208,1,54,1492,210,
1681,-16455,1378,1281,-148,191,1,50,1496,216,
1703,-16491,1453,1235,-11,153,1,46,1496,210,
1696,-16504,1555,1253,98,145,1,54,1492,208,
1744,-16456,1600,1475,130,179,1,58,1496,206,
1798,-16445,1556,1812,137,195,1,53,1493,211,
1783,-16445,1628,2066,195,220,1,57,1503,217,
1780,-16377,1735,2077,321,256,1,56,1496,212,
1768,-16338,1788,1979,432,300,1,55,1497,209,
1747,-16303,1882,1892,533,312,1,53,1495,213,
1716,-16329,2006,1953,554,327,1,46,1496,208,
1715,-16372,2111,2185,486,379,1,54,1490,214,
1713,-16320,2231,2570,325,432,1,48,1496,218,
1749,-16318,2327,2810,189,479,1,52,1494,226,
1751,-16361,2306,2758,209,541,1,56,1494,216,
1702,-16357,2289,2505,287,550,1,45,1499,217,
1722,-16242,2384,2235,315,461,1,52,1496,214,
1781,-16225,2499,2125,234,343,1,43,1503,223,
1801,-16196,2645,2253,53,237,1,49,1495,213,
1736,-16152,2758,2541,-184,119,1,50,1494,220,
1649,-16271,2884,2789,-380,-35,1,48,1502,218,
1693,-16414,3048,2927,-522,-129,1,50,1496,220,
1750,-16430,3176,3046,-597,-146,1,53,1505,215,
1725,-16383,3320,3324,-670,-163,1,55,1507,215,
1666,-16362,3452,3566,-776,-152,1,54,1504,220,
1668,-16400,3605,3702,-880,-153,1,41,1501,219,
1717,-16360,3911,3829,-890,-114,1,54,1504,216,
1736,-16166,4174,3914,-833,13,1,47,1509,221,
1744,-15910,4312,3988,-724,138,1,52,1498,220,
1688,-15754,4438,4090,-519,202,1,50,1506,232,
1607,-15638,4691,4220,-249,227,1,52,1496,226,
1523,-15509,4870,4320,-28,220,1,55,1501,223,
1469,-15434,5059,4311,101,189,1,51,1511,221,
1511,-15342,5153,4191,198,169,1,49,1507,231,
1581,-15235,5221,4021,247,153,1,54,1506,236,
1710,-15135,5356,4087,239,153,1,53,1495,229,
1743,-15144,5454,4441,177,128,1,49,1501,233,
1749,-15184,5596,4675,162,92,1,51,1499,233,
1925,-15184,5826,4525,212,106,1,56,1506,232,
2094,-15272,6034,4350,248,182,1,48,1516,226,
2085,-15297,6187,4488,309,260,1,53,1511,233,
1919,-15239,6433,4761,353,291,1,51,1515,233,
1788,-15174,6697,4970,351,219,1,40,1512,234,
1747,-15161,6995,4926,368,64,1,58,1512,234,
1692,-15137,7233,4759,372,-129,1,49,1513,233,
1647,-15036,7443,4658,347,-316,1,46,1516,240,
1623,-14917,7582,4712,309,-449,1,53,1515,237,
1669,-14851,7779,4852,233,-538,1,46,1506,236,
1794,-14703,7971,5034,179,-524,1,54,1512,236,
1852,-14486,8237,5315,75,-439,1,42,1510,236,
1764,-14280,8490,5559,-67,-328,1,49,1517,245,
1675,-14185,8671,5741,-161,-244,1,49,1527,245,
1667,-13922,8880,5960,-163,-78,1,46,1522,240,
1690,-13613,9114,6311,-127,116,1,42,1514,240,
1659,-13434,9268,6634,-22,298,1,47,1523,245,
1605,-13310,9298,6629,233,346,1,48,1520,248,
1590,-13125,9456,6259,453,383,1,52,1524,246,
1659,-12895,9671,5761,595,427,1,56,1524,252,
1707,-12754,9866,5387,609,512,1,50,1524,254,
1663,-12630,9952,5270,528,627,1,45,1529,255,
1619,-12531,10030,5136,430,763,1,51,1531,253,
1624,-12447,10157,4805,399,920,1,46,1528,256,
1667,-12319,10227,4282,391,1034,1,52,1526,256,
1609,-12186,10484,3811,371,1098,1,43,1523,253,
1475,-12123,10828,3510,407,1112,1,43,1523,251,
1384,-12028,11073,3467,467,1079,1,44,1524,258,
1363,-11882,11317,3717,450,948,1,41,1527,267,
1330,-11800,11615,4056,370,743,1,42,1522,252,
1267,-11745,11888,4313,266,604,1,48,1532,260,
1229,-11662,12022,4501,231,515,1,48,1526,268,
1178,-11520,12195,4683,258,433,1,46,1536,262,
1169,-11421,12421,4920,312,401,1,47,1535,259,
1259,-11214,12568,5320,379,443,1,36,1532,266,
1319,-10995,12771,5932,398,549,1,52,1532,264,
1265,-10865,12934,6665,333,622,1,48,1536,266,
1093,-10657,12981,7155,318,586,1,47,1535,263,
1010,-10351,13074,7165,419,452,1,44,1540,264,
962,-9976,13192,6865,541,264,1,44,1538,264,
944,-9689,13305,6393,683,34,1,46,1544,268,
888,-9468,13384,5990,826,-123,1,41,1547,265,
815,-9291,13481,5799,917,-159,1,44,1546,266,
839,-9147,13550,5722,1040,-121,1,44,1548,264,
814,-8904,13508,5465,1158,-55,1,44,1544,266,
793,-8605,13518,4840,1195,-21,1,39,1547,267,
818,-8324,13684,3986,1133,33,1,46,1546,272,
777,-8207,13953,3424,1130,80,1,38,1542,264,
711,-8129,14219,3355,1152,127,1,39,1549,275,
700,-7981,14374,3618,1046,240,1,46,1552,278,
645,-7851,14532,3888,885,375,1,33,1555,269,
500,-7771,14691,4032,729,478,1,47,1561,271,
412,-7712,14836,4064,659,557,1,37,1549,267,
388,-7637,14839,4013,749,701,1,44,1560,276,
311,-7444,14864,4051,860,824,1,42,1552,270,
252,-7137,14953,4179,933,864,1,41,1555,279,
208,-6925,14982,4332,955,804,1,36,1552,274,
86,-6791,15015,4438,941,648,1,47,1559,273,
29,-6575,15023,4450,871,429,1,36,1558,280,
2,-6346,15043,4404,719,115,1,40,1556,274,
52,-6101,15139,4398,527,-207,1,40,1566,278,
125,-5857,15235,4487,331,-443,1,43,1561,267,
125,-5713,15284,4698,101,-641,1,49,1565,273,
169,-5633,15393,4873,-52,-760,1,42,1560,276,
206,-5465,15405,4801,-109,-862,1,46,1566,270,
216,-5348,15440,4444,-161,-890,1,30,1574,266,
257,-5206,15534,3999,-193,-808,1,46,1572,276,
229,-5094,15563,3661,-150,-685,1,40,1572,280,
159,-4980,15645,3338,-28,-573,1,40,1574,276,
75,-5059,15751,2908,182,-463,1,38,1570,278,
36,-5087,15815,2434,355,-313,1,41,1569,279,
82,-5020,15910,2081,426,-178,1,35,1573,279,
165,-4891,15892,2018,483,-103,1,33,1567,281,
229,-4663,15904,2229,501,-31,1,40,1570,270,
186,-4428,15994,2586,416,37,1,42,1572,278,
125,-4259,16124,3026,299,61,1,31,1573,279,
73,-4058,16166,3387,219,30,1,38,1578,282,
67,-3887,16229,3530,152,-34,1,36,1582,274,
22,-3713,16335,3500,112,-64,1,38,1574,280,
13,-3644,16424,3484,124,-75,1,34,1576,274,
31,-3522,16536,3704,218,-63,1,37,1575,275,
101,-3295,16525,4342,276,-22,1,33,1579,275,
135,-2968,16478,5269,120,-41,1,41,1583,271,
128,-2635,16452,6229,-253,-112,1,33,1581,277,
96,-2378,16370,6784,-685,-203,1,36,1584,272,
78,-2097,16266,6883,-1093,-264,1,34,1586,278,
64,-1900,16251,6514,-1369,-313,1,39,1593,275,
100,-1729,16130,5698,-1423,-335,1,39,1593,277,
132,-1509,15954,4552,-1406,-278,1,40,1588,280,
126,-1288,15845,3361,-1338,-234,1,35,1591,265,
142,-1096,15864,2340,-1289,-267,1,37,1583,265,
198,-1009,16013,1709,-1311,-345,1,41,1591,275,
246,-991,16136,1384,-1360,-425,1,45,1593,279,
307,-991,16234,1308,-1403,-486,1,50,1598,274,
383,-969,16373,1507,-1369,-487,1,42,1594,264,
437,-920,16547,1807,-1174,-454,1,48,1604,268,
474,-814,16672,2025,-880,-424,1,37,1591,275,
545,-688,16680,2101,-549,-437,1,48,1590,272,
629,-589,16691,2059,-204,-429,1,41,1595,267,
696,-517,16696,1953,117,-336,1,47,1607,275,
707,-443,16677,1809,346,-210,1,41,1595,267,
641,-308,16614,1640,472,-147,1,35,1599,277,
599,-188,16504,1375,484,-136,1,43,1601,277,
601,-119,16376,1042,323,-88,1,43,1593,279,
587,-115,16361,782,52,-20,1,43,1595,275,
578,-118,16387,659,-205,36,1,38,1590,266,
598,-126,16440,616,-361,52,1,49,1593,277,
607,-48,16524,568,-517,50,1,45,1607,273,
599,-14,16568,593,-748,64,1,40,1604,270,
598,-17,16604,768,-978,100,1,39,1601,271,
645,44,16619,943,-1075,151,1,48,1604,266,
713,166,16646,1050,-1062,181,1,43,1589,275,
807,261,16662,986,-988,140,1,44,1596,266,
940,270,16611,701,-849,114,1,49,1605,273,
952,274,16651,358,-676,168,1,41,1589,271,
927,256,16624,86,-506,250,1,42,1600,266,
969,230,16659,-89,-341,283,1,49,1599,271,
991,174,16681,-248,-176,298,1,47,1597,271,
994,140,16644,-345,-60,315,1,44,1600,268,
910,62,16582,-319,-78,357,1,44,1596,270,
799,41,16565,-84,-189,395,1,41,1599,273,
790,77,16592,355,-329,399,1,46,1594,274,
860,166,16618,853,-462,412,1,42,1594,280,
885,217,16612,1327,-529,424,1,50,1598,274,
917,267,16495,1653,-537,394,1,45,1605,269,
938,353,16355,1730,-523,379,1,49,1599,259,
1000,459,16256,1550,-484,392,1,45,1595,267,
1088,528,16221,1130,-413,397,1,42,1598,270,
1066,590,16152,589,-398,371,1,49,1601,269,
1065,597,16180,12,-499,326,1,48,1598,278,
1061,517,16269,-495,-582,261,1,41,1601,269,
1103,432,16280,-946,-620,211,1,45,1599,271,
1089,370,16289,-1248,-660,210,1,52,1594,276,
1113,309,16368,-1277,-696,217,1,44,1598,268,
1142,256,16429,-1138,-718,229,1,53,1601,273,
1127,226,16477,-880,-729,227,1,47,1599,269,
1120,260,16457,-541,-749,246,1,55,1595,275,
1130,280,16477,-185,-747,263,1,48,1592,276,
1180,301,16447,27,-696,265,1,45,1593,269,
1259,346,16476,-10,-577,262,1,49,1595,265,
1270,358,16476,-202,-375,242,1,53,1591,269,
1308,329,16422,-446,-154,193,1,45,1595,273,
1336,301,16437,-679,-4,160,1,52,1600,266,
1273,235,16497,-778,30,139,1,49,1593,269,
1212,158,16531,-681,6,119,1,51,1593,271,
1191,110,16583,-441,-50,87,1,44,1600,274,
1230,71,16610,-220,-149,71,1,55,1597,277,
1240,-57,16534,-92,-264,93,1,50,1590,268,
1243,-171,16511,-12,-354,167,1,52,1592,270,
1380,-303,17964,457,-741,269,1,54,1600,278,
1473,-68,17153,567,-308,391,1,50,1590,262,
1486,70,16631,450,-137,370,1,47,1593,265,
1538,231,16721,196,19,320,1,50,1594,266,
1551,167,16529,188,-18,330,1,49,1601,269,
1402,136,16511,233,3,266,1,55,1599,269,
1278,139,16473,247,-16,223,1,46,1594,264,
1208,173,16489,221,-76,162,1,52,1596,264,
1268,163,16474,211,-114,106,1,45,1601,269,
1320,109,16469,292,-80,76,1,42,1598,264,
1359,103,16504,458,3,65,1,41,1603,263,
1345,210,16475,565,90,35,1,47,1601,273,
1261,329,16482,532,134,-13,1,45,1601,267,
1169,386,16421,409,128,-76,1,39,1595,269,
1201,313,16461,376,126,-96,1,48,1600,268,
1179,256,16461,480,229,-46,1,53,1603,263,
1210,260,16494,613,324,71,1,50,1604,272,
1086,370,16368,496,296,307,1,42,1600,266,
868,376,16396,306,212,531,1,48,1594,262,
752,300,16307,145,384,725,1,38,1606,276,
611,103,16094,-226,921,992,1,47,1611,257,
1364,685,17149,-2399,1769,1199,1,49,1605,271,
1404,-23,16364,-1313,651,1099,1,47,1601,271,
1409,389,16732,-454,227,979,1,48,1608,266,
1306,476,16572,-364,103,792,1,39,1607,269,
1195,185,16514,-170,-33,548,1,40,1606,274,
1142,260,16521,-55,71,324,1,50,1604,272,
1020,216,16478,-81,38,257,1,47,1599,263,
994,160,16502,-31,-22,182,1,45,1599,275,
913,200,16466,-22,-45,144,1,44,1600,262,
963,174,16455,-26,-106,123,1,48,1600,270,
945,106,16467,10,-148,110,1,45,1603,277,
999,196,16483,29,-147,99,1,53,1601,269,
1006,153,16492,-4,-137,102,1,50,1604,276,
1020,168,16487,26,-144,106,1,50,1604,268,
988,196,16484,-4,-123,116,1,48,1604,270,
993,137,16470,-6,-110,120,1,42,1594,272,
981,184,16476,20,-95,118,1,47,1597,267,
972,185,16487,-7,-117,111,1,42,1600,266,
1008,165,16478,5,-130,116,1,38,1600,266,
1011,201,16497,4,-120,114,1,52,1598,268,
1031,194,16480,-5,-118,114,1,45,1605,273,
1007,178,16484,3,-101,115,1,52,1604,272,
973,184,16472,3,-101,111,1,46,1602,272,
968,178,16476,-2,-115,110,1,44,1602,268,
999,172,16482,5,-127,113,1,48,1610,262,
1027,182,16468,3,-122,116,1,45,1607,265,
1019,154,16470,1,-102,116,1,41,1605,267,
999,182,16458,2,-98,114,1,46,1598,274,
984,183,16484,-3,-106,119,1,46,1598,272,
984,163,16478,-3,-119,117,1,46,1610,274,
987,166,16479,1,-118,117,1,44,1598,264,
997,161,16457,0,-109,117,1,43,1609,271,
1005,163,16464,6,-108,120,1,46,1602,266,
998,177,16478,-1,-103,117,1,41,1599,271,
993,168,16461,1,-114,118,1,49,1609,269,
988,175,16477,-2,-112,116,1,48,1600,274,
991,167,16465,1,-116,113,1,46,1606,270,
995,164,16473,6,-108,110,1,46,1606,272,
989,177,16483,0,-109,113,1,58,1604,266,
990,178,16477,-1,-117,120,1,47,1603,271,
995,182,16472,2,-113,122,1,46,1602,274,
1000,193,16476,4,-113,119,1,41,1603,269,
992,178,16469,-2,-108,120,1,35,1605,267,
991,179,16470,1,-109,117,1,43,1599,269,
980,180,16471,-1,-112,114,1,48,1604,268,
981,176,16476,6,-114,113,1,41,1607,269,
987,176,16478,2,-122,116,1,46,1610,264,
994,171,16469,3,-115,118,1,42,1604,268,
998,178,16471,5,-114,115,1,53,1601,269,
996,173,16473,0,-115,116,1,46,1602,272,
999,173,16485,1,-113,122,1,49,1599,271,
993,171,16484,-5,-107,118,1,50,1606,266,
995,169,16476,-3,-110,116,1,48,1592,264,
1001,173,16479,0,-115,115,1,39,1603,271,
1004,169,16471,1,-119,117,1,45,1607,263,
1005,184,16464,3,-115,118,1,53,1601,263,
999,182,16466,-2,-107,119,1,56,1606,264,
991,193,16471,3,-107,118,1,51,1607,273,
987,177,16470,1,-108,119,1,39,1607,259,
993,170,16474,1,-108,118,1,50,1600,268,
1004,179,16474,2,-111,119,1,39,1603,267,
1007,170,16465,2,-108,120,1,47,1605,265,
1003,176,16468,2,-110,119,1,48,1602,274,
994,176,16478,-1,-110,119,1,49,1601,265,
990,175,16476,-2,-113,118,1,51,1603,263,
995,174,16477,-4,-111,116,1,49,1603,267,
997,182,16473,-6,-113,115,1,47,1603,267,
1005,177,16474,-5,-107,118,1,42,1594,264,
1000,174,16484,-3,-111,115,1,47,1599,267,
998,173,16491,3,-120,118,1,42,1600,268,
993,162,16498,0,-112,121,1,44,1598,258,
996,170,16477,-2,-110,119,1,43,1603,269,
1000,167,16473,0,-110,118,1,42,1604,268,
991,168,16467,0,-109,119,1,49,1597,265,
987,173,16459,4,-105,118,1,48,1606,270,
995,172,16462,3,-107,120,1,49,1605,267,
999,166,16465,5,-105,119,1,47,1603,267,
995,165,16470,8,-105,120,1,49,1593,259,
990,171,16481,3,-108,113,1,46,1606,270,
999,170,16484,2,-108,113,1,42,1602,268,
1002,172,16483,4,-114,114,1,51,1599,261,
1008,169,16471,0,-116,115,1,38,1602,262,
999,171,16455,-1,-114,112,1,48,1600,276,
1000,174,16453,1,-115,111,1,43,1595,261,
1007,179,16460,3,-113,112,1,48,1602,266,
998,177,16466,-2,-110,114,1,46,1604,268,
1008,164,16464,-1,-109,113,1,48,1598,268,
1001,163,16456,-3,-109,116,1,37,1599,273,
1001,166,16472,-4,-103,116,1,46,1602,264,
1011,171,16470,-4,-106,117,1,47,1607,271,
1006,164,16473,-3,-111,118,1,49,1599,265,
1000,166,16473,-2,-112,118,1,42,1596,270,
1003,168,16459,0,-113,117,1,51,1599,273,
1001,176,16463,4,-111,118,1,48,1600,268,
991,172,16469,3,-113,121,1,40,1602,276,
1005,171,16467,3,-115,117,1,45,1601,273,
1001,171,16473,1,-112,115,1,42,1602,268,
997,177,16467,4,-112,112,1,46,1592,268,
995,175,16467,1,-109,118,1,60,1604,272,
1004,172,16479,2,-110,114,1,48,1600,272,
999,168,16472,1,-113,113,1,50,1604,262,
1007,175,16466,1,-109,115,1,48,1600,268,
1007,163,16460,3,-112,114,1,46,1606,268,
1003,165,16467,0,-111,116,1,44,1600,270,
1003,173,16464,-1,-107,118,1,48,1602,272,
994,165,16468,0,-110,120,1,49,1605,273,
997,164,16478,0,-109,115,1,41,1595,265,
1011,171,16473,-1,-109,114,1,42,1600,272,
1001,170,16466,-2,-113,117,1,38,1604,274,
1002,165,16463,-1,-112,118,1,47,1601,271,
1007,165,16464,0,-111,120,1,46,1598,270,
1011,164,16465,-2,-108,116,1,50,1606,262,
1008,164,16464,4,-107,121,1,45,1611,265,
1003,170,16481,4,-108,117,1,48,1604,272,
1004,168,16484,4,-108,118,1,56,1604,268,
1009,172,16476,4,-104,119,1,49,1613,269,
1011,182,16477,1,-107,120,1,41,1603,265,
993,167,16474,2,-111,116,1,50,1602,264,
996,175,16467,4,-111,115,1,37,1597,269,
993,172,16466,4,-107,115,1,47,1603,267,
997,183,16466,3,-103,117,1,46,1600,260,
994,185,16471,4,-103,118,1,41,1599,265,
1008,169,16469,6,-106,117,1,46,1602,268,
1010,165,16468,3,-108,113,1,42,1600,270,
1001,181,16482,2,-105,116,1,49,1603,261,
995,161,16467,-4,-106,117,1,45,1601,271,
990,163,16458,2,-107,115,1,39,1603,267,
997,180,16463,2,-109,117,1,47,1609,267,
1003,157,16467,2,-108,119,1,47,1609,267,
1009,153,16477,9,-107,117,1,45,1599,269,
1005,175,16472,5,-106,112,1,46,1602,258,
1010,165,16479,0,-107,112,1,47,1601,263,
1007,163,16466,5,-107,112,1,45,1609,273,
998,172,16476,1,-111,114,1,45,1609,263,
999,168,16468,-2,-111,112,1,45,1609,269,
987,158,16477,-1,-102,111,1,43,1605,269,
994,168,16477,-2,-106,115,1,45,1599,267,
996,158,16470,1,-103,114,1,44,1600,268,
1008,169,16453,4,-106,115,1,45,1605,277,
1009,178,16457,-3,-106,118,1,55,1599,271,
1007,154,16459,-2,-99,117,1,54,1602,266,
988,174,16475,3,-102,114,1,50,1600,272,
984,160,16476,0,-105,117,1,43,1603,275,
1000,157,16470,8,-111,117,1,45,1601,265,
1014,178,16462,5,-105,115,1,45,1595,269,
1028,171,16466,5,-108,116,1,52,1602,266,
1016,158,16458,2,-102,119,1,42,1598,268,
998,163,16463,7,-105,118,1,51,1599,269,
1000,165,16479,4,-107,115,1,44,1604,276,
992,162,16468,2,-112,117,1,42,1600,268,
1000,168,16474,3,-116,116,1,46,1602,262,
1007,165,16478,5,-113,117,1,49,1599,271,
1006,184,16465,2,-117,120,1,51,1609,269,
1003,169,16471,-1,-109,114,1,46,1610,266,
998,165,16478,1,-109,114,1,50,1602,264,
990,165,16472,3,-117,116,1,44,1604,264,
984,161,16474,4,-116,117,1,51,1605,267,
990,161,16483,5,-115,120,1,48,1608,268,
1001,169,16465,4,-111,117,1,40,1602,262,
1007,173,16471,-1,-103,116,1,43,1605,267,
1003,168,16477,3,-108,117,1,49,1607,271,
998,183,16457,3,-111,113,1,44,1604,272,
994,179,16443,2,-109,113,1,52,1594,264,
981,172,16468,3,-111,115,1,43,1605,269,
983,165,16473,1,-109,115,1,44,1600,272,
993,170,16466,7,-112,117,1,44,1612,270,
998,170,16476,6,-110,120,1,53,1603,265,