891,716,16412,-1,-107,120,1,56,1604,266,
891,711,16427,-1,-110,120,1,45,1603,269,
882,720,16423,4,-109,120,1,51,1611,275,
881,718,16412,-1,-112,120,1,48,1608,270,
889,722,16424,3,-108,118,1,46,1602,276,
890,721,16422,4,-110,115,1,46,1606,274,
890,727,16425,6,-106,118,1,43,1609,275,
891,716,16417,4,-105,118,1,51,1599,263,
894,719,16414,5,-105,117,1,38,1600,274,
888,724,16411,4,-105,115,1,49,1609,261,
879,722,16419,5,-108,115,1,46,1608,266,
876,724,16407,5,-110,115,1,51,1603,273,
874,731,16410,6,-110,117,1,47,1611,275,
873,725,16417,1,-108,117,1,44,1606,268,
878,723,16412,3,-109,115,1,48,1612,272,
880,722,16418,1,-108,116,1,49,1609,271,
887,716,16415,2,-104,117,1,45,1605,275,
883,717,16421,0,-102,119,1,43,1607,275,
890,717,16410,0,-105,116,1,44,1606,272,
886,712,16421,-2,-104,115,1,43,1605,265,
883,711,16417,-1,-108,113,1,40,1606,270,
888,710,16421,3,-106,116,1,45,1599,271,
884,709,16412,7,-103,118,1,38,1612,268,
882,713,16414,7,-107,116,1,54,1602,274,
878,724,16418,2,-110,115,1,49,1599,273,
878,724,16429,6,-111,116,1,51,1605,267,
877,722,16425,6,-113,117,1,49,1601,273,
884,719,16434,9,-111,117,1,43,1601,271,
892,720,16433,6,-113,117,1,48,1600,268,
891,718,16435,6,-112,120,1,42,1608,270,
887,712,16440,4,-112,116,1,40,1608,276,
888,711,16445,4,-110,117,1,47,1603,267,
882,710,16440,1,-109,118,1,42,1600,270,
883,711,16441,1,-109,118,1,50,1608,262,
885,717,16434,2,-111,119,1,42,1602,276,
887,721,16422,2,-114,116,1,46,1606,268,
892,722,16425,1,-111,113,1,54,1612,278,
887,724,16424,0,-107,114,1,45,1603,267,
884,722,16427,-1,-104,113,1,48,1602,270,
881,722,16428,-1,-105,113,1,45,1605,271,
891,724,16425,0,-105,111,1,46,1608,266,
899,726,16427,0,-105,113,1,52,1610,278,
894,724,16429,2,-107,115,1,40,1602,276,
890,726,16429,1,-106,113,1,47,1601,271,
884,728,16426,2,-107,115,1,49,1599,271,
887,735,16423,5,-109,116,1,42,1608,268,
884,728,16422,4,-110,114,1,48,1606,274,
884,720,16435,1,-106,115,1,41,1605,269,
885,712,16446,-1,-105,115,1,49,1605,275,
885,713,16433,-3,-105,110,1,50,1602,268,
886,718,16422,0,-108,110,1,43,1609,273,
886,719,16415,1,-107,111,1,42,1608,274,
883,714,16423,3,-110,115,1,53,1607,275,
884,717,16425,2,-109,115,1,44,1610,278,
881,716,16427,0,-110,113,1,47,1609,275,
881,724,16427,1,-107,114,1,50,1612,274,
884,723,16433,2,-106,111,1,49,1609,263,
889,722,16442,2,-107,111,1,48,1600,274,
889,720,16431,3,-107,114,1,48,1604,272,
883,719,16436,4,-105,113,1,49,1603,267,
886,720,16435,7,-107,116,1,40,1608,274,
879,720,16434,7,-109,117,1,37,1605,269,
880,722,16437,5,-110,117,1,39,1607,267,
877,727,16433,5,-109,117,1,49,1605,273,
880,726,16435,5,-109,118,1,49,1601,271,
880,723,16434,4,-111,117,1,51,1603,275,
878,716,16453,6,-108,118,1,41,1605,267,
877,715,16446,5,-107,118,1,42,1606,270,
871,716,16439,3,-109,117,1,49,1601,275,
877,721,16433,4,-107,119,1,45,1601,269,
880,721,16425,1,-106,122,1,51,1605,265,
882,723,16433,1,-106,120,1,41,1609,279,
889,716,16428,0,-104,118,1,37,1607,267,
886,718,16429,0,-110,119,1,39,1609,271,
887,720,16422,1,-108,118,1,54,1606,272,
896,717,16420,4,-109,117,1,47,1607,271,
891,720,16431,3,-110,114,1,47,1611,271,
896,720,16428,3,-110,115,1,47,1609,269,
880,727,16437,3,-107,113,1,54,1602,274,
882,720,16443,1,-112,113,1,46,1604,272,
889,720,16440,4,-113,114,1,48,1608,272,
891,721,16445,5,-109,114,1,52,1608,266,
885,726,16436,3,-112,113,1,42,1604,276,
896,721,16454,5,-116,115,1,45,1611,273,
892,727,16445,7,-115,118,1,46,1604,274,
889,728,16434,4,-114,121,1,46,1604,270,
883,725,16436,1,-111,117,1,43,1599,273,
885,726,16438,1,-108,119,1,48,1600,266,
879,723,16425,-3,-106,115,1,46,1602,282,
875,716,16417,-3,-114,111,1,47,1601,273,
872,725,16423,-1,-111,114,1,46,1606,272,
873,729,16417,0,-105,117,1,46,1606,274,
877,735,16408,-1,-108,117,1,53,1611,269,
877,729,16409,2,-105,116,1,50,1600,276,
877,728,16427,1,-108,120,1,47,1601,271,
876,726,16438,-2,-107,117,1,51,1609,269,
878,712,16444,1,-105,116,1,42,1598,268,
879,717,16434,1,-107,118,1,50,1608,274,
886,727,16423,5,-110,116,1,43,1599,275,
880,726,16417,2,-110,118,1,46,1608,270,
881,717,16438,-3,-109,117,1,48,1600,270,
878,709,16436,3,-109,112,1,51,1605,277,
880,716,16445,5,-109,114,1,44,1594,266,
884,716,16433,4,-112,113,1,47,1605,263,
882,722,16423,4,-112,112,1,42,1608,278,
878,724,16437,2,-116,108,1,44,1604,274,
878,721,16432,-2,-114,111,1,45,1611,275,
878,722,16427,-6,-113,116,1,49,1611,273,
884,719,16431,-1,-106,115,1,46,1604,272,
886,731,16434,2,-108,116,1,47,1601,275,
878,727,16452,2,-109,114,1,49,1609,275,
873,724,16439,4,-113,116,1,56,1608,270,
883,727,16422,4,-112,118,1,44,1606,272,
877,729,16424,3,-110,115,1,49,1607,273,
880,731,16436,2,-109,118,1,36,1604,264,
881,733,16426,2,-109,113,1,46,1606,268,
873,729,16420,5,-113,116,1,54,1608,272,
873,724,16434,5,-108,113,1,49,1609,271,
881,727,16422,5,-112,115,1,44,1598,274,
887,731,16431,2,-110,117,1,44,1596,270,
879,719,16420,-1,-108,115,1,44,1610,270,
872,716,16431,0,-106,121,1,47,1601,265,
876,719,16438,0,-105,120,1,50,1606,268,
869,729,16443,4,-109,113,1,43,1609,265,
863,729,16432,7,-110,114,1,41,1611,277,
865,727,16442,9,-109,118,1,48,1606,270,
879,729,16436,7,-108,120,1,43,1607,265,
876,726,16452,8,-108,114,1,50,1608,266,
881,721,16424,5,-110,116,1,48,1612,264,
876,720,16414,8,-111,117,1,48,1594,270,
882,722,16431,9,-115,116,1,47,1609,273,
876,723,16417,5,-113,121,1,40,1600,276,
872,720,16439,1,-111,118,1,47,1609,273,
876,718,16433,5,-108,115,1,49,1601,269,
880,717,16437,1,-106,116,1,49,1607,269,
886,719,16451,6,-106,117,1,49,1609,275,
878,715,16441,11,-109,121,1,41,1605,263,
882,720,16442,7,-105,119,1,42,1600,270,
886,719,16442,9,-111,116,1,37,1615,271,
879,718,16431,3,-108,116,1,45,1605,269,
882,724,16425,5,-105,116,1,45,1601,271,
885,731,16417,1,-109,121,1,40,1604,276,
881,726,16428,0,-112,120,1,51,1611,271,
882,729,16437,1,-108,121,1,38,1600,266,
884,729,16422,1,-111,116,1,50,1606,270,
868,732,16432,5,-107,113,1,45,1605,279,
873,727,16422,4,-109,113,1,41,1601,269,
861,720,16438,8,-118,113,1,54,1606,268,
850,684,16415,37,-166,126,1,52,1608,266,
871,687,16417,88,-203,124,1,47,1605,275,
931,769,16440,75,-186,124,1,42,1602,274,
949,782,16452,-17,-69,98,1,52,1604,278,
903,769,16432,-118,14,98,1,43,1609,277,
868,663,16421,-117,3,99,1,48,1606,272,
824,642,16425,-10,-92,110,1,48,1610,272,
855,694,16453,66,-172,125,1,40,1608,284,
904,751,16450,61,-162,124,1,43,1607,275,
911,771,16443,-4,-104,116,1,39,1601,277,
900,738,16452,-54,-53,124,1,45,1597,269,
1152,1067,16553,-172,59,77,1,52,1600,274,
1154,1190,16614,-866,596,19,1,44,1604,278,
850,828,16496,-1566,850,216,1,52,1602,272,
732,302,16396,-1478,883,211,1,50,1598,284,
535,336,16377,-1043,632,132,1,45,1599,275,
611,290,16401,-725,395,127,1,49,1607,275,
590,228,16357,-363,180,176,1,43,1607,271,
609,296,16400,6,-37,150,1,45,1605,275,
618,403,16446,202,-182,140,1,39,1601,269,
665,489,16455,240,-237,136,1,47,1603,275,
673,484,16453,234,-276,137,1,45,1595,277,
681,415,16434,302,-335,129,1,50,1594,270,
643,403,16415,465,-433,117,1,44,1602,274,
665,440,16425,672,-574,106,1,48,1610,266,
757,539,16436,799,-645,77,1,42,1606,268,
826,654,16469,783,-638,65,1,40,1602,272,
869,733,16481,641,-562,88,1,52,1606,272,
905,755,16478,446,-432,91,1,50,1600,272,
902,749,16476,254,-288,87,1,43,1603,267,
875,730,16454,124,-192,92,1,46,1602,266,
881,718,16438,31,-119,99,1,48,1602,262,
869,701,16439,-27,-73,91,1,50,1604,270,
819,675,16420,-62,-56,99,1,46,1602,274,
789,628,16428,-24,-100,111,1,50,1602,276,
767,587,16412,107,-192,127,1,46,1602,260,
785,572,16401,288,-308,115,1,48,1604,270,
844,730,16439,364,-385,135,1,49,1593,269,
1006,889,16463,180,-252,129,1,47,1601,265,
974,862,16468,-88,0,101,1,50,1602,274,
908,803,16464,-302,125,104,1,42,1608,272,
872,755,16464,-440,198,118,1,42,1600,264,
869,724,16455,-546,260,127,1,57,1611,271,
842,678,16446,-638,334,130,1,40,1604,274,
805,626,16425,-695,374,116,1,53,1605,273,
728,529,16405,-672,342,112,1,39,1605,271,
653,383,16393,-475,217,98,1,50,1608,276,
601,346,16378,-141,4,99,1,46,1600,270,
607,356,16397,208,-263,114,1,40,1604,272,
662,418,16414,526,-468,129,1,44,1602,266,
747,575,16435,687,-583,125,1,47,1607,267,
839,671,16457,669,-591,131,1,47,1593,275,
874,755,16473,541,-497,134,1,46,1604,274,
890,769,16468,344,-376,128,1,48,1606,274,
905,718,16468,197,-271,114,1,48,1596,274,
922,729,16474,87,-162,118,1,43,1597,273,
895,764,16478,-75,-48,119,1,41,1599,271,
887,720,16463,-217,47,147,1,48,1596,272,
825,677,16438,-269,84,124,1,45,1595,271,
750,588,16421,-205,24,111,1,48,1602,272,
728,514,16406,-17,-103,113,1,53,1599,269,
745,543,16418,208,-250,127,1,45,1601,281,
820,623,16428,354,-344,134,1,46,1604,276,
875,675,16445,408,-370,161,1,48,1598,274,
878,728,16453,387,-384,225,1,47,1605,277,
885,749,16460,313,-347,258,1,51,1601,273,
901,779,16467,212,-265,250,1,51,1607,271,
960,776,16462,109,-165,255,1,47,1607,267,
949,753,16449,32,-58,259,1,42,1608,268,
853,768,16439,-14,-38,243,1,44,1604,280,
856,722,16438,-31,-69,228,1,45,1595,271,
891,698,16441,1,-112,280,1,48,1596,272,
881,694,16415,47,-154,373,1,49,1609,269,
857,670,16432,139,-253,484,1,48,1608,270,
876,732,16441,217,-350,583,1,49,1603,275,
945,818,16465,175,-329,603,1,44,1604,272,
989,817,16443,79,-208,608,1,44,1600,276,
945,808,16431,13,-104,632,1,43,1601,267,
905,816,16445,-75,-28,589,1,45,1609,269,
940,732,16446,-145,31,483,1,55,1597,277,
916,719,16463,-180,92,387,1,51,1603,275,
842,677,16495,-214,97,298,1,48,1602,270,
853,681,16436,-191,72,247,1,37,1599,273,
876,724,16447,-175,63,189,1,53,1601,277,
893,739,16452,-224,89,127,1,40,1604,270,
892,679,16448,-281,130,120,1,52,1600,268,
834,646,16442,-262,121,144,1,46,1604,268,
848,672,16438,-219,78,153,1,45,1605,277,
905,688,16441,-199,85,208,1,44,1596,278,
878,697,16473,-248,185,250,1,43,1599,279,
837,719,16493,-392,331,180,1,34,1596,268,
838,683,16520,-626,479,73,1,38,1590,274,
758,681,16507,-826,542,-28,1,45,1593,269,
685,614,16482,-851,394,-77,1,39,1597,271,
600,540,16464,-730,115,-132,1,49,1597,271,
511,515,16471,-556,-240,-252,1,45,1603,269,
380,428,16483,-370,-599,-341,1,46,1594,276,
309,262,16747,-157,-872,-313,1,40,1598,274,
438,167,17145,143,-935,-200,1,48,1592,268,
635,318,17443,530,-819,-123,1,52,1596,268,
757,467,17641,955,-616,-99,1,43,1601,271,
883,544,17826,1350,-356,-47,1,47,1593,275,
968,594,17883,1661,-124,23,1,51,1601,263,
939,633,17813,1903,41,111,1,51,1599,267,
913,732,17682,2109,134,168,1,47,1599,269,
961,830,17405,2280,189,189,1,46,1590,272,
982,892,17020,2410,239,202,1,46,1604,274,
978,1006,16674,2418,279,195,1,45,1599,265,
959,1106,16397,2262,316,118,1,46,1606,276,
926,1176,16206,1957,338,46,1,47,1601,269,
844,1258,16009,1523,244,-26,1,38,1594,266,
775,1323,15909,1081,13,-74,1,44,1598,270,
753,1388,15854,661,-263,-140,1,49,1603,269,
694,1448,15851,260,-518,-239,1,39,1597,273,
674,1479,15895,-2,-762,-319,1,41,1599,267,
671,1443,15963,-95,-982,-384,1,49,1605,267,
676,1383,16114,-12,-1085,-448,1,49,1605,273,
708,1390,16307,223,-994,-533,1,39,1599,269,
722,1429,16439,589,-753,-620,1,41,1601,267,
741,1442,16439,1095,-501,-705,1,39,1605,275,
819,1502,16411,1680,-324,-758,1,42,1606,268,
890,1551,16370,2307,-164,-758,1,44,1610,274,
941,1618,16326,2924,30,-704,1,42,1604,262,
980,1751,16305,3422,263,-647,1,39,1609,273,
1018,1945,16222,3924,481,-556,1,41,1603,267,
978,2154,16165,4493,537,-399,1,40,1616,264,
843,2393,16173,5118,502,-230,1,44,1610,264,
709,2669,16313,5653,450,-161,1,47,1615,263,
668,2995,16360,5955,374,-132,1,41,1615,263,
715,3295,16231,6045,291,-141,1,48,1608,258,
786,3567,15994,6091,126,-149,1,47,1615,263,
789,3887,15828,6140,-112,-155,1,36,1624,266,
756,4152,15818,6119,-306,-169,1,37,1617,265,
777,4407,15755,5899,-439,-169,1,38,1620,258,
834,4602,15625,5486,-589,-115,1,43,1631,253,
853,4776,15505,5155,-790,1,1,40,1626,262,
936,5045,15469,5233,-1066,94,1,42,1628,258,
1066,5298,15443,5858,-1351,129,1,41,1621,251,
1134,5574,15402,6909,-1564,129,1,50,1618,250,
1171,5852,15348,8263,-1585,79,1,44,1624,244,
1234,6158,15254,9834,-1376,-18,1,49,1625,239,
1245,6569,15053,11219,-1081,-121,1,48,1628,236,
1208,7069,14774,12266,-745,-219,1,45,1629,241,
1176,7513,14491,12720,-388,-289,1,45,1629,235,
1167,7957,14183,12712,-26,-303,1,49,1633,231,
1143,8434,13849,12393,395,-375,1,37,1637,227,
1108,8883,13664,11976,799,-502,1,47,1641,233,
1071,9260,13423,11471,1205,-684,1,45,1645,235,
884,9662,13030,10924,1477,-889,1,44,1642,226,
657,9932,12571,10487,1573,-1074,1,47,1639,227,
517,10145,12244,10252,1530,-1223,1,50,1638,218,
470,10566,12055,10141,1497,-1326,1,50,1652,224,
422,10938,11875,9918,1575,-1437,1,40,1642,218,
357,11213,11545,9544,1645,-1508,1,33,1649,215,
346,11477,11288,9181,1693,-1483,1,48,1646,210,
362,11783,11059,9014,1760,-1411,1,53,1649,209,
257,12074,10756,9128,1816,-1333,1,41,1643,211,
127,12343,10194,9518,1722,-1247,1,37,1651,207,
40,12701,9793,10203,1520,-1101,1,41,1655,209,
-35,13068,9499,10845,1338,-996,1,41,1647,209,
-169,13445,9059,11321,1179,-889,1,46,1658,206,
-265,13776,8576,11711,973,-831,1,42,1650,196,
-328,14012,8058,11840,745,-721,1,42,1654,190,
-370,14327,7568,11709,472,-574,1,41,1649,197,
-367,14613,7270,11436,325,-421,1,39,1655,193,
-459,14789,6802,11207,254,-293,1,45,1653,191,
-462,14928,6378,10958,158,-168,1,44,1662,182,
-313,14954,5688,10097,30,-1,1,36,1652,186,
-134,14999,4987,8565,-130,222,1,42,1654,188,
-132,15058,4776,6873,-266,384,1,40,1656,180,
-166,15049,4507,5421,-333,377,1,45,1651,179,
-204,15110,4263,4619,-370,268,1,40,1654,178,
-289,15178,4249,4354,-332,127,1,36,1652,176,
-369,15341,4293,4618,-268,26,1,47,1651,177,
-451,15484,4262,5212,-212,-70,1,41,1659,165,
-461,15623,3975,5835,-201,-133,1,48,1650,170,
-557,15786,3779,6516,-180,-162,1,39,1657,171,
-597,15840,3544,7307,-71,-207,1,38,1654,170,
-612,15850,3144,8325,-4,-165,1,36,1658,168,
-612,15886,2658,9242,2,-65,1,39,1645,165,
-605,15922,2208,9828,76,-17,1,51,1649,169,
-633,15960,1720,9920,161,-15,1,47,1653,163,
-608,15976,1185,9446,184,-49,1,49,1653,157,
-591,15976,846,8555,162,-87,1,43,1645,155,
-515,15905,487,7302,156,-159,1,53,1647,149,
-437,15851,155,5883,195,-231,1,40,1652,152,
-461,15867,-134,4289,184,-278,1,45,1649,157,
-599,15920,-298,3055,71,-329,1,52,1648,152,
-658,15956,-426,2499,-53,-391,1,43,1647,155,
-704,15992,-560,2406,-145,-401,1,46,1652,158,
-679,16019,-699,2434,-243,-353,1,45,1651,153,
-666,16059,-750,2449,-400,-213,1,51,1651,153,
-611,16075,-754,2348,-499,-74,1,47,1643,153,
-516,16099,-828,1956,-536,50,1,43,1649,157,
-422,16079,-972,1278,-495,158,1,47,1645,155,
-403,16103,-980,493,-399,167,1,40,1646,150,
-458,16169,-883,-134,-303,107,1,43,1651,153,
-538,16249,-748,-343,-198,16,1,44,1652,148,
-597,16288,-724,-219,-129,-20,1,46,1638,148,
-666,16369,-756,60,-92,-4,1,43,1649,153,
-747,16368,-738,467,-87,14,1,45,1647,141,
-698,16340,-777,829,-65,24,1,45,1641,151,
-646,16330,-785,1027,-27,55,1,41,1645,151,
-649,16321,-867,1105,44,77,1,44,1652,158,
-710,16280,-966,1172,108,81,1,41,1643,149,
-722,16260,-1077,1261,132,75,1,51,1645,149,
-716,16236,-1162,1312,118,36,1,41,1653,145,
-669,16155,-1288,1254,94,-9,1,46,1656,144,
-625,16100,-1419,1035,103,-80,1,45,1639,151,
-616,16105,-1555,611,91,-137,1,49,1649,145,
-677,16125,-1559,193,41,-151,1,46,1650,146,
-724,16099,-1515,-111,-35,-144,1,43,1643,145,
-750,16116,-1419,-354,-96,-117,1,49,1641,153,
-749,16125,-1332,-506,-135,-67,1,47,1641,145,
-759,16128,-1256,-520,-157,-4,1,49,1645,145,
-769,16161,-1145,-467,-168,45,1,48,1650,146,
-773,16170,-1035,-401,-150,59,1,43,1647,147,
-805,16123,-1004,-249,-125,77,1,57,1653,149,
-799,16072,-1007,-27,-103,101,1,37,1647,145,
-751,16067,-1003,121,-78,104,1,40,1646,150,
-746,16070,-987,75,-34,92,1,45,1649,147,
-776,16072,-1006,-104,22,62,1,42,1658,148,
-811,16094,-1052,-265,65,34,1,37,1651,145,
-826,16099,-1117,-334,83,7,1,45,1655,149,
-881,16129,-1166,-316,100,-27,1,43,1647,149,
-920,16158,-1159,-248,136,-93,1,45,1641,151,
-935,16152,-1161,-109,158,-134,1,44,1650,152,
-953,16160,-1202,123,130,-87,1,49,1639,141,
-982,16181,-1234,328,67,-21,1,55,1647,151,
-981,16208,-1242,396,9,29,1,47,1653,145,
-931,16218,-1233,258,-35,45,1,56,1648,148,
-891,16184,-1239,-5,-59,38,1,45,1655,149,
-861,16178,-1195,-249,-64,13,1,44,1656,142,
-836,16172,-1099,-458,-18,-39,1,45,1649,145,
-801,16162,-1031,-572,28,-23,1,45,1657,151,
-793,16140,-1014,-527,72,46,1,41,1651,151,
-802,16182,-959,-375,105,120,1,42,1650,146,
-783,16226,-936,-225,116,193,1,45,1641,155,
-774,16214,-966,-126,98,246,1,45,1649,157,
-784,16232,-1006,-45,61,246,1,50,1654,148,
-764,16215,-1051,23,9,225,1,45,1647,141,
-749,16212,-1110,76,-75,218,1,45,1651,151,
-788,16205,-1104,96,-168,193,1,41,1645,149,
-803,16153,-1082,79,-229,159,1,49,1649,145,
-819,16141,-1083,93,-266,125,1,45,1657,149,
-827,16123,-1061,159,-275,106,1,42,1650,152,
-820,16073,-1090,179,-276,100,1,47,1649,149,
-835,16066,-1128,112,-267,100,1,37,1645,145,
-860,16078,-1117,14,-258,94,1,43,1653,153,
-870,16104,-1089,-93,-263,111,1,51,1647,145,
-827,16094,-1056,-146,-252,149,1,52,1654,146,
-811,16111,-1028,-129,-195,180,1,50,1648,152,
-809,16113,-1022,-36,-136,222,1,44,1638,148,
-834,16137,-1045,91,-81,275,1,42,1644,142,
-848,16187,-1076,156,-44,305,1,42,1650,152,
-803,16173,-1102,118,-41,338,1,45,1649,143,
-793,16182,-1102,21,-33,386,1,45,1639,151,
-759,16177,-1077,-78,-31,408,1,46,1648,144,
-735,16201,-1069,-169,-30,412,1,53,1645,153,
-715,16224,-1029,-281,-22,402,1,46,1640,150,
-740,16238,-973,-361,-24,355,1,46,1648,148,
-763,16247,-922,-434,-43,276,1,49,1649,149,
-758,16277,-954,-538,-102,214,1,39,1649,147,
-760,16290,-944,-606,-139,144,1,44,1644,152,
-749,16271,-949,-589,-143,91,1,46,1646,150,
-719,16244,-936,-521,-148,79,1,44,1648,146,
-664,16202,-931,-460,-151,113,1,44,1642,148,
-663,16196,-946,-425,-143,153,1,43,1649,153,
-669,16195,-945,-414,-141,182,1,42,1652,156,
-661,16176,-904,-450,-148,200,1,50,1650,144,
-655,16115,-904,-459,-143,200,1,42,1650,150,
-640,16067,-859,-450,-138,210,1,43,1651,153,
-645,16065,-826,-453,-131,223,1,43,1651,155,
-673,16097,-816,-454,-124,245,1,46,1654,158,
-708,16172,-785,-430,-117,248,1,37,1641,145,
-727,16243,-738,-397,-119,237,1,45,1649,155,
-749,16270,-675,-356,-96,191,1,46,1644,146,
-752,16242,-664,-357,-36,105,1,41,1651,157,
-770,16196,-643,-461,-5,9,1,47,1645,151,
-737,16155,-650,-622,-30,-51,1,52,1640,152,
-706,16090,-605,-747,-55,-76,1,42,1644,158,
-688,16041,-615,-827,-70,-104,1,47,1641,159,
-695,16012,-618,-929,-88,-148,1,46,1640,154,
-710,16017,-557,-1030,-132,-182,1,46,1650,146,
-691,16025,-523,-1028,-198,-201,1,44,1646,152,
-677,16040,-416,-952,-257,-186,1,44,1658,152,
-678,16094,-244,-907,-251,-160,1,42,1648,160,
-694,16139,-167,-984,-203,-165,1,52,1648,146,
-701,16176,-173,-1164,-134,-208,1,47,1653,155,
-726,16167,-170,-1238,-97,-254,1,49,1647,151,
-786,16140,-115,-1097,-88,-302,1,46,1650,150,
-833,16134,-120,-871,-92,-327,1,50,1644,154,
-867,16161,-166,-733,-124,-320,1,40,1650,152,
-887,16190,-167,-717,-195,-268,1,52,1646,154,
-911,16199,-111,-762,-258,-193,1,39,1653,149,
-914,16204,-64,-820,-288,-103,1,51,1651,143,
-922,16205,4,-925,-316,-8,1,46,1652,158,
-909,16193,31,-1106,-339,77,1,45,1657,163,
-914,16169,67,-1339,-331,152,1,41,1649,159,
-954,16204,108,-1574,-356,240,1,41,1647,159,
-978,16229,226,-1736,-406,348,1,48,1644,156,
-944,16248,306,-1833,-433,453,1,46,1652,150,
-910,16293,392,-1983,-442,561,1,48,1646,158,
-905,16309,494,-2177,-463,663,1,39,1655,157,
-901,16302,621,-2360,-506,758,1,44,1650,154,
-881,16287,709,-2465,-561,817,1,41,1655,163,
-827,16279,837,-2537,-599,831,1,39,1647,159,
-765,16260,1013,-2607,-601,815,1,46,1650,168,
-691,16210,1119,-2621,-580,775,1,43,1647,153,
-628,16196,1201,-2559,-558,727,1,51,1651,161,
-589,16217,1357,-2513,-515,669,1,54,1646,162,
-597,16190,1518,-2526,-463,607,1,40,1648,160,
-622,16136,1671,-2436,-440,545,1,47,1657,161,
-607,16076,1739,-2160,-440,512,1,48,1658,168,
-585,15997,1842,-1830,-431,497,1,39,1649,169,
-581,15966,1932,-1629,-407,516,1,46,1656,172,
-554,15992,1998,-1655,-382,537,1,53,1657,165,
-554,16021,2046,-1904,-382,552,1,41,1643,163,
-533,16022,2124,-2294,-403,578,1,45,1653,163,
-498,16039,2179,-2713,-454,638,1,40,1658,164,
-468,16016,2260,-3159,-506,703,1,42,1648,168,
-418,15939,2403,-3539,-522,743,1,46,1648,168,
-361,15846,2558,-3925,-558,779,1,48,1648,176,
-301,15813,2714,-4352,-636,853,1,47,1655,173,
-287,15746,2883,-4612,-679,867,1,45,1653,175,
-260,15670,3112,-4646,-687,838,1,49,1655,171,
-207,15621,3292,-4414,-670,809,1,42,1654,186,
-181,15583,3520,-3952,-606,777,1,42,1650,174,
-171,15611,3728,-3338,-531,750,1,52,1660,182,
-165,15678,3937,-2744,-453,707,1,53,1651,175,
-148,15732,4145,-2215,-372,641,1,46,1652,174,
-126,15768,4273,-1792,-321,586,1,45,1655,173,
-80,15786,4342,-1427,-261,536,1,51,1657,177,
-54,15808,4386,-1169,-186,473,1,40,1648,172,
-23,15798,4383,-1041,-134,415,1,42,1656,180,
-19,15745,4361,-1018,-108,360,1,44,1658,174,
30,15704,4331,-1174,-109,317,1,45,1657,177,
61,15680,4322,-1499,-151,310,1,44,1650,182,
71,15634,4388,-1844,-215,312,1,53,1651,175,
114,15594,4458,-2122,-248,302,1,46,1644,174,
112,15545,4539,-2395,-249,294,1,51,1647,175,
93,15523,4714,-2677,-255,282,1,45,1651,177,
62,15491,4909,-2854,-283,275,1,44,1652,174,
30,15444,5049,-2963,-320,283,1,45,1643,183,
33,15364,5163,-3098,-363,319,1,42,1654,182,
62,15295,5297,-3240,-422,383,1,41,1651,181,
96,15210,5411,-3368,-461,444,1,49,1665,181,
107,15147,5573,-3390,-493,490,1,40,1656,186,
116,15115,5724,-3319,-524,513,1,41,1649,185,
143,15045,5864,-3246,-544,510,1,41,1661,185,
164,14954,5962,-3168,-535,494,1,46,1652,182,
187,14884,6090,-3068,-513,469,1,40,1650,180,
231,14849,6211,-2984,-514,460,1,51,1649,179,
277,14853,6387,-2945,-519,469,1,39,1647,189,
299,14866,6530,-2990,-514,480,1,44,1646,190,
316,14851,6663,-3088,-479,471,1,51,1655,189,
311,14836,6796,-3193,-444,464,1,37,1647,195,
314,14790,6965,-3284,-445,467,1,48,1658,192,
350,14712,7059,-3336,-447,491,1,43,1645,197,
407,14614,7197,-3345,-437,518,1,41,1651,189,
410,14551,7370,-3340,-416,532,1,47,1651,195,
439,14499,7474,-3356,-396,521,1,39,1661,195,
458,14430,7615,-3364,-362,484,1,49,1643,199,
486,14353,7745,-3403,-320,449,1,43,1651,195,
504,14263,7823,-3520,-298,425,1,51,1653,191,
526,14180,7953,-3704,-296,402,1,53,1651,193,
537,14115,8087,-3929,-307,380,1,42,1650,202,
543,14005,8244,-4173,-344,376,1,41,1645,197,
569,13870,8365,-4432,-377,367,1,46,1648,208,
622,13781,8507,-4608,-379,371,1,47,1651,201,
630,13669,8683,-4638,-386,382,1,46,1648,200,
609,13571,8925,-4586,-385,373,1,48,1652,208,
605,13456,9118,-4505,-347,343,1,43,1647,203,
622,13318,9238,-4415,-274,302,1,50,1654,204,
607,13178,9363,-4298,-208,274,1,44,1648,200,
578,13081,9589,-4177,-218,286,1,42,1646,204,
582,12949,9758,-4042,-283,339,1,44,1646,214,
594,12812,9850,-3791,-332,418,1,45,1649,207,
590,12719,9899,-3438,-383,501,1,48,1644,210,
592,12679,9944,-3123,-480,555,1,50,1648,212,
615,12637,10001,-2955,-643,597,1,52,1644,212,
639,12573,10151,-2961,-772,607,1,48,1640,212,
696,12493,10279,-3092,-885,618,1,47,1653,215,
780,12383,10447,-3254,-956,656,1,45,1647,211,
842,12284,10592,-3456,-966,689,1,44,1646,210,
913,12151,10746,-3735,-922,699,1,53,1647,211,
1010,11992,10877,-4038,-859,725,1,44,1640,208,
1076,11832,11012,-4277,-796,748,1,41,1653,219,
1077,11699,11185,-4457,-759,740,1,49,1645,215,
1112,11527,11319,-4636,-704,690,1,51,1653,219,
1176,11354,11413,-4944,-632,658,1,36,1646,224,
1180,11191,11527,-5408,-577,668,1,49,1645,219,
1140,10957,11736,-5876,-559,648,1,50,1638,224,
1170,10713,11865,-6104,-552,639,1,46,1640,214,
1227,10488,12015,-6083,-495,647,1,50,1636,218,
1281,10272,12194,-5952,-458,703,1,38,1640,222,
1322,10089,12381,-5893,-495,794,1,50,1648,238,
1403,9887,12539,-6045,-590,911,1,49,1639,225,
1499,9699,12667,-6487,-670,1049,1,48,1638,224,
1562,9557,12846,-7142,-713,1192,1,45,1633,227,
1533,9397,13107,-7637,-734,1242,1,45,1629,229,
1472,9114,13397,-7568,-730,1196,1,44,1634,228,
1498,8815,13751,-6992,-661,1099,1,46,1634,230,
1565,8534,14000,-6080,-481,1006,1,45,1631,235,
1622,8343,14117,-5210,-275,937,1,43,1627,237,
1633,8205,14244,-4534,-110,900,1,42,1632,236,
1640,8119,14356,-4147,7,817,1,46,1628,234,
1660,7966,14358,-3971,140,706,1,46,1622,240,
1648,7836,14368,-3901,234,622,1,42,1630,232,
1583,7710,14384,-3813,227,563,1,51,1629,237,
1579,7555,14403,-3608,110,516,1,49,1627,239,
1622,7380,14467,-3350,45,486,1,48,1624,240,
1656,7256,14578,-3103,58,499,1,51,1621,249,
1624,7104,14667,-2873,89,517,1,45,1621,239,
1626,6992,14728,-2815,108,523,1,46,1632,246,
1643,6894,14805,-2965,136,555,1,40,1630,242,
1623,6723,14850,-3215,176,596,1,48,1624,250,
1643,6558,14982,-3394,193,650,1,50,1626,248,
1676,6367,15122,-3367,159,714,1,44,1620,246,
1678,6169,15253,-3172,160,781,1,44,1616,244,
1684,6116,15312,-2990,215,825,1,47,1621,243,
1682,6061,15302,-2884,247,836,1,49,1615,249,
1659,5941,15324,-2809,235,798,1,41,1619,251,
1628,5806,15343,-2787,172,736,1,51,1619,249,
1634,5657,15361,-2801,142,668,1,49,1617,243,
1645,5488,15372,-2798,157,620,1,45,1625,249,
1684,5356,15415,-2810,206,584,1,49,1617,247,
1704,5253,15454,-2817,248,549,1,38,1612,260,
1710,5116,15413,-2834,243,528,1,36,1626,252,
1723,4984,15426,-2847,150,554,1,44,1620,256,
1715,4791,15494,-2749,23,581,1,47,1621,249,
1694,4609,15512,-2583,-34,594,1,47,1611,253,
1707,4518,15469,-2473,-58,624,1,47,1613,253,
1706,4467,15498,-2480,-97,678,1,46,1618,260,
1724,4420,15574,-2558,-142,722,1,45,1615,253,
1735,4309,15649,-2596,-127,740,1,46,1610,252,
1683,4222,15763,-2625,-8,742,1,50,1612,252,
1619,4194,15779,-2702,164,741,1,53,1609,261,
1580,4178,15820,-2812,333,711,1,53,1619,257,
1594,4092,15802,-2952,435,655,1,41,1611,255,
1606,3960,15805,-3176,547,596,1,43,1613,265,
1552,3834,15850,-3455,595,545,1,47,1609,259,
1496,3677,15929,-3684,565,512,1,50,1610,260,
1496,3463,16001,-3692,543,488,1,43,1609,265,
1483,3248,16065,-3501,558,474,1,47,1605,265,
1369,3073,16173,-3255,572,446,1,47,1611,263,
1295,2935,16316,-3091,520,446,1,53,1607,263,
1267,2801,16388,-2922,392,456,1,53,1611,263,
1304,2598,16505,-2637,276,469,1,46,1604,260,
1353,2439,16578,-2265,241,505,1,45,1609,263,
1438,2371,16651,-1862,287,535,1,46,1602,268,
1505,2322,16639,-1531,342,560,1,47,1605,263,
1539,2235,16583,-1341,384,577,1,50,1608,256,
1545,2163,16450,-1286,435,598,1,44,1608,262,
1510,2071,16319,-1374,418,632,1,51,1605,261,
1432,2015,16197,-1592,376,649,1,47,1593,263,
1379,1963,16124,-1882,331,643,1,50,1600,262,
1359,1901,16157,-2115,196,662,1,49,1597,267,
1376,1789,16190,-2171,53,656,1,43,1595,267,
1342,1656,16180,-2116,-80,642,1,43,1601,267,
1298,1568,16244,-2079,-248,644,1,47,1601,257,
1230,1473,16372,-2051,-379,652,1,46,1598,268,
1146,1409,16465,-1995,-464,645,1,52,1594,272,
1141,1386,16540,-1910,-523,628,1,52,1598,270,
1199,1318,16548,-1782,-513,580,1,48,1596,264,
1237,1252,16504,-1646,-418,517,1,49,1587,265,
1267,1205,16509,-1511,-337,460,1,50,1592,260,
1278,1127,16491,-1390,-301,409,1,47,1593,269,
1312,1106,16452,-1220,-275,356,1,52,1590,266,
1317,1095,16481,-983,-240,314,1,44,1590,274,
1324,1031,16508,-784,-208,290,1,47,1585,265,
1326,972,16531,-711,-141,251,1,42,1592,264,
1365,922,16486,-807,-66,231,1,50,1596,270,
1387,898,16456,-878,-43,259,1,39,1589,271,
1372,847,16439,-803,-69,293,1,45,1601,273,
1358,777,16412,-675,-155,314,1,51,1587,273,
1380,740,16387,-679,-245,322,1,50,1602,266,
1380,711,16422,-772,-301,367,1,46,1590,262,
1350,692,16456,-818,-358,422,1,53,1597,273,
1383,664,16474,-818,-435,431,1,50,1592,264,
1456,667,16503,-861,-510,422,1,52,1590,266,
1483,607,16541,-932,-526,409,1,52,1594,264,
1495,568,16530,-926,-482,412,1,45,1589,269,
1506,555,16504,-782,-440,380,1,47,1593,267,
1493,553,16486,-637,-390,302,1,48,1586,272,
1523,506,16429,-672,-284,230,1,51,1583,271,
1548,498,16375,-844,-181,198,1,52,1586,256,
1532,420,16407,-974,-141,172,1,54,1594,270,
1548,313,16466,-952,-103,152,1,54,1596,270,
1570,238,16524,-845,-33,134,1,45,1583,273,
1507,211,16520,-726,31,121,1,45,1589,271,
1487,179,16520,-611,53,113,1,41,1591,273,
1516,111,16489,-480,53,114,1,49,1585,269,
1495,78,16485,-381,68,137,1,57,1591,275,
1455,85,16451,-393,61,145,1,50,1586,270,
1467,81,16418,-486,36,156,1,56,1586,270,
1502,94,16399,-562,-15,181,1,49,1587,265,
1462,78,16421,-530,-86,177,1,46,1578,280,
1482,43,16437,-481,-180,165,1,55,1593,261,
1565,16,16481,-454,-244,179,1,48,1590,278,
1573,86,17445,-475,-68,173,1,51,1593,271,
1597,-78,16983,-343,143,295,1,53,1591,267,
1608,-26,16647,-135,69,357,1,48,1588,278,
1615,-14,16543,-208,-27,357,1,54,1588,268,
1440,-36,16546,-213,-98,319,1,50,1598,268,
1258,-30,16478,-200,-120,301,1,49,1593,265,
1252,-51,16388,-188,-122,314,1,54,1594,270,
1337,-40,16327,-257,-87,314,1,50,1590,270,
1431,-32,16303,-365,57,292,1,54,1588,266,
1507,-7,16201,-551,328,235,1,45,1595,279,
1535,41,16476,-873,646,127,1,49,1591,263,
1502,-331,16604,-338,913,62,1,58,1590,266,
1289,-233,16608,195,799,229,1,48,1588,270,
1283,-22,16452,171,580,222,1,42,1588,274,
1203,-68,16404,37,398,260,1,53,1591,263,
1171,-5,16409,-58,405,303,1,46,1590,268,
1163,1,16276,-160,682,197,1,52,1588,266,
1254,-98,16239,-340,1397,-33,1,54,1592,266,
1475,-79,16839,-747,1880,-113,1,51,1595,271,
945,-620,16654,-663,1250,59,1,52,1588,272,
975,-416,16548,-302,567,60,1,49,1585,277,
878,-340,16499,-184,167,49,1,53,1593,271,
865,-299,16476,-49,-118,27,1,51,1583,275,
937,-228,16475,-52,-262,-11,1,45,1589,273,
1003,-284,16473,-73,-274,-24,1,52,1594,276,
983,-315,16480,-64,-245,-6,1,50,1594,268,
989,-268,16493,-49,-237,16,1,50,1592,272,
994,-297,16488,-53,-207,37,1,50,1596,274,
965,-301,16471,-32,-207,60,1,52,1600,266,
1003,-297,16480,-10,-185,92,1,46,1588,278,
978,-272,16477,11,-170,105,1,54,1600,272,
1008,-171,16486,-20,-189,144,1,45,1591,271,
1026,-234,16455,-61,-215,167,1,54,1598,276,
1030,-174,16448,-102,-206,226,1,50,1590,274,
998,-230,16420,-186,-234,260,1,50,1598,266,
1031,-329,16491,-190,-279,277,1,52,1602,274,
1071,-382,16521,-155,-222,269,1,40,1602,268,
1041,-395,16502,-91,-184,220,1,52,1602,280,
1037,-340,16505,-50,-164,181,1,50,1598,278,
1017,-323,16486,-40,-142,158,1,52,1590,270,
1034,-338,16474,-28,-139,148,1,47,1597,267,
1070,-319,16488,-17,-126,139,1,45,1601,269,
1066,-314,16473,-14,-133,136,1,56,1594,274,
1058,-329,16465,-14,-134,132,1,60,1592,274,
1030,-326,16456,-10,-112,129,1,50,1592,274,
1010,-317,16469,-5,-116,122,1,47,1597,273,
1016,-311,16471,-6,-118,121,1,44,1598,276,
1043,-324,16468,-6,-125,120,1,46,1596,270,
1070,-317,16452,-3,-119,122,1,46,1590,284,
1062,-315,16467,-8,-111,123,1,42,1586,274,
1031,-321,16473,-5,-108,122,1,46,1600,270,
1021,-322,16480,-6,-109,122,1,50,1592,276,
1024,-319,16482,-3,-117,120,1,53,1593,275,
1051,-328,16482,0,-124,121,1,42,1594,268,
1063,-325,16461,1,-115,124,1,45,1591,273,
1052,-317,16463,6,-109,123,1,55,1589,279,
1045,-309,16477,2,-104,122,1,50,1598,266,
1029,-322,16464,1,-112,124,1,45,1591,275,
1033,-325,16461,-2,-112,120,1,45,1601,273,
1035,-319,16468,0,-112,116,1,45,1595,279,
1044,-318,16466,0,-111,119,1,49,1593,277,
1031,-319,16466,5,-108,120,1,46,1590,268,
1037,-319,16457,6,-114,116,1,46,1594,274,
1055,-317,16456,2,-117,116,1,44,1594,270,
1051,-322,16456,1,-115,116,1,51,1587,277,
1042,-322,16447,1,-110,117,1,50,1594,274,
1045,-325,16462,6,-105,117,1,46,1594,266,
1042,-314,16471,3,-109,116,1,49,1601,277,
1031,-314,16482,-1,-108,119,1,42,1598,268,
1045,-312,16471,3,-111,121,1,45,1599,277,
1058,-307,16468,6,-116,116,1,49,1585,275,
1058,-308,16466,2,-110,119,1,49,1593,269,
1053,-317,16463,0,-110,121,1,48,1598,266,
1042,-320,16448,1,-113,119,1,47,1599,277,
1038,-326,16455,2,-114,116,1,55,1595,267,
1050,-313,16457,4,-114,116,1,53,1595,275,
1055,-306,16446,0,-114,113,1,50,1584,278,
1062,-312,16449,2,-116,116,1,43,1595,283,
1065,-311,16469,2,-111,118,1,51,1589,279,
1048,-313,16493,4,-110,111,1,52,1600,270,
1045,-322,16475,-1,-111,115,1,50,1594,270,
1040,-328,16457,-1,-110,113,1,52,1594,276,
1043,-324,16446,4,-113,113,1,50,1590,268,
1053,-326,16460,4,-118,117,1,48,1590,272,
1057,-319,16459,1,-116,114,1,48,1590,274,
1048,-328,16458,4,-114,116,1,49,1601,279,
1045,-324,16446,2,-112,115,1,51,1595,279,
1040,-319,16457,2,-111,118,1,53,1587,277,
1037,-313,16448,5,-115,114,1,51,1595,267,
1057,-315,16462,5,-114,112,1,49,1603,277,
1056,-318,16473,2,-113,113,1,51,1599,267,
1052,-322,16458,3,-114,112,1,51,1591,273,
1048,-320,16469,3,-113,114,1,45,1597,271,
1043,-322,16469,3,-111,115,1,48,1590,274,
1047,-317,16455,3,-111,115,1,55,1589,271,
1054,-325,16461,6,-105,116,1,52,1594,272,
1060,-318,16459,4,-107,122,1,46,1594,276,
1048,-320,16469,-1,-112,121,1,43,1593,273,
1059,-318,16460,-1,-111,117,1,48,1594,274,
1064,-317,16463,3,-115,116,1,50,1598,270,
1056,-319,16463,4,-109,117,1,52,1600,274,
1057,-321,16457,4,-103,119,1,53,1601,273,
1052,-319,16452,2,-108,120,1,43,1595,277,
1044,-315,16460,4,-110,119,1,42,1596,274,
1059,-321,16466,2,-112,121,1,47,1589,265,
1057,-317,16474,2,-110,118,1,47,1597,271,
1058,-320,16464,1,-112,117,1,52,1594,270,
1052,-322,16481,0,-111,118,1,45,1591,273,
1045,-323,16485,1,-108,120,1,47,1601,273,
1044,-318,16478,-1,-114,116,1,44,1596,274,
1045,-314,16470,1,-113,116,1,50,1590,274,
1054,-329,16472,0,-112,119,1,47,1601,275,
1050,-326,16471,2,-108,116,1,49,1591,271,
1055,-329,16467,2,-109,120,1,42,1588,264,
1047,-321,16475,5,-110,116,1,46,1588,274,
1046,-320,16480,8,-112,116,1,46,1594,274,
1047,-320,16479,5,-108,115,1,50,1592,266,
1048,-329,16490,5,-109,115,1,43,1601,271,
1043,-323,16483,5,-109,114,1,45,1595,275,
1054,-327,16465,3,-112,118,1,54,1592,270,
1049,-337,16472,1,-117,117,1,53,1595,267,
1050,-326,16477,2,-114,117,1,55,1593,279,
1044,-321,16457,-3,-114,119,1,50,1598,270,
1055,-351,16470,-4,-118,123,1,43,1591,269,
1063,-320,16460,4,-113,116,1,51,1591,275,
1062,-305,16469,-8,-114,122,1,51,1593,273,
1054,-340,16459,-2,-114,113,1,50,1594,270,
1053,-322,16462,2,-115,116,1,42,1590,274,
1054,-318,16473,-4,-112,117,1,43,1595,281,
1052,-323,16466,1,-116,120,1,47,1599,273,
1057,-333,16449,-2,-111,124,1,42,1586,272,
1065,-334,16448,8,-111,118,1,49,1601,269,
1051,-324,16462,-2,-105,121,1,45,1595,277,
1048,-336,16463,10,-117,115,1,42,1594,270,
1048,-325,16460,2,-112,122,1,44,1584,270,
1049,-331,16467,5,-119,118,1,54,1600,270,
1063,-319,16458,5,-112,116,1,43,1593,271,
1044,-341,16455,0,-110,117,1,46,1592,274,
1053,-318,16461,7,-114,117,1,45,1595,273,