860,951,16458,3,-106,116,1,36,1604,278,
855,955,16463,4,-105,115,1,39,1607,271,
849,946,16465,3,-105,117,1,50,1608,280,
859,949,16466,5,-106,113,1,43,1607,275,
855,943,16470,5,-106,112,1,46,1606,276,
843,941,16459,4,-105,112,1,37,1607,269,
852,948,16452,5,-107,113,1,49,1609,275,
852,950,16446,6,-107,112,1,44,1606,266,
854,942,16445,4,-108,116,1,45,1607,279,
855,934,16449,4,-109,111,1,42,1608,270,
861,936,16441,2,-111,112,1,43,1601,273,
859,934,16445,3,-111,113,1,38,1610,274,
855,935,16456,5,-112,114,1,41,1607,271,
851,937,16458,7,-108,115,1,45,1611,283,
847,936,16461,8,-108,114,1,44,1610,274,
848,936,16450,11,-112,115,1,47,1609,275,
856,940,16446,9,-108,116,1,42,1608,278,
850,943,16449,4,-107,114,1,39,1611,273,
847,938,16442,3,-106,113,1,47,1603,275,
844,942,16440,2,-107,111,1,44,1604,278,
850,943,16443,1,-108,111,1,45,1609,277,
848,948,16455,1,-107,112,1,44,1610,268,
849,948,16443,1,-109,112,1,41,1607,273,
844,948,16443,2,-110,116,1,40,1610,272,
851,950,16436,4,-108,115,1,38,1600,270,
850,950,16442,7,-108,114,1,44,1610,278,
851,951,16436,7,-109,113,1,41,1613,281,
859,954,16448,6,-109,108,1,46,1604,274,
857,950,16440,7,-105,111,1,39,1601,273,
847,945,16442,5,-104,111,1,44,1604,272,
852,940,16444,7,-108,111,1,35,1605,277,
854,942,16446,7,-105,114,1,50,1608,274,
849,941,16455,8,-107,117,1,45,1603,269,
857,950,16448,10,-106,121,1,46,1614,272,
859,945,16462,10,-107,119,1,44,1604,272,
859,944,16461,9,-108,115,1,45,1613,269,
859,948,16448,10,-106,116,1,43,1599,269,
852,950,16450,7,-101,116,1,45,1603,269,
859,950,16453,7,-104,118,1,44,1608,268,
852,947,16450,6,-105,117,1,42,1610,272,
846,942,16448,5,-105,117,1,39,1615,277,
850,935,16444,9,-106,116,1,44,1604,276,
853,938,16442,9,-104,113,1,36,1608,270,
858,939,16447,10,-106,112,1,49,1605,269,
857,939,16455,8,-107,115,1,47,1613,271,
857,938,16455,7,-105,114,1,42,1604,272,
857,939,16452,9,-103,115,1,44,1604,270,
851,941,16450,7,-104,114,1,40,1608,272,
855,942,16446,7,-105,117,1,50,1602,280,
853,940,16452,10,-107,112,1,44,1608,266,
856,940,16451,12,-104,115,1,41,1607,269,
854,942,16458,9,-105,117,1,51,1603,275,
853,941,16459,8,-106,117,1,44,1608,278,
855,943,16455,8,-105,116,1,50,1608,276,
857,945,16451,7,-104,114,1,41,1611,275,
858,945,16463,11,-103,113,1,44,1602,272,
858,945,16464,7,-102,115,1,45,1599,273,
857,950,16458,7,-104,115,1,44,1606,270,
856,951,16458,8,-106,115,1,44,1606,268,
854,945,16468,7,-105,118,1,37,1607,275,
859,947,16462,4,-108,118,1,37,1603,275,
865,944,16461,4,-106,116,1,45,1607,269,
860,936,16449,5,-109,117,1,51,1609,267,
862,944,16452,4,-108,115,1,46,1612,272,
856,950,16455,5,-106,112,1,44,1602,276,
861,944,16455,3,-106,115,1,47,1609,277,
858,942,16446,1,-112,118,1,41,1609,263,
864,947,16437,3,-109,116,1,46,1604,276,
861,942,16447,6,-108,115,1,38,1606,274,
862,937,16451,8,-106,114,1,38,1604,274,
856,942,16446,9,-108,116,1,39,1599,281,
848,946,16447,8,-108,117,1,47,1605,281,
854,946,16448,10,-110,117,1,38,1604,274,
852,952,16446,8,-109,116,1,47,1601,275,
853,955,16443,6,-107,115,1,42,1602,278,
855,959,16446,6,-105,115,1,49,1605,283,
859,960,16454,7,-103,113,1,38,1606,274,
857,957,16458,5,-104,116,1,44,1600,276,
854,959,16468,5,-105,116,1,34,1608,274,
856,961,16458,6,-107,115,1,50,1610,272,
859,951,16463,9,-110,113,1,44,1606,280,
863,947,16466,7,-108,115,1,40,1608,280,
859,953,16459,5,-106,116,1,36,1610,274,
856,951,16457,8,-111,116,1,41,1611,271,
856,950,16444,8,-107,113,1,44,1600,272,
845,954,16459,9,-106,113,1,40,1606,272,
855,942,16464,9,-105,113,1,48,1606,270,
859,941,16468,6,-109,112,1,46,1602,278,
858,931,16471,9,-111,114,1,46,1602,274,
859,929,16445,8,-106,113,1,40,1606,268,
851,935,16462,5,-107,115,1,48,1604,274,
850,933,16452,10,-111,113,1,37,1607,277,
857,948,16465,11,-105,114,1,39,1605,281,
869,947,16463,6,-109,115,1,52,1606,278,
860,949,16462,6,-107,112,1,40,1606,272,
857,945,16456,3,-107,117,1,45,1615,275,
855,951,16455,8,-104,113,1,49,1611,277,
856,953,16446,5,-108,115,1,46,1612,276,
853,941,16448,4,-105,116,1,41,1603,273,
858,941,16449,7,-105,115,1,47,1605,283,
855,937,16459,3,-106,110,1,40,1606,272,
851,931,16462,0,-104,114,1,41,1613,277,
853,943,16451,4,-101,115,1,52,1608,268,
870,952,16467,5,-106,118,1,42,1604,280,
869,956,16467,3,-106,119,1,43,1601,277,
865,952,16465,5,-106,117,1,46,1606,280,
855,955,16461,9,-104,115,1,44,1602,278,
860,943,16474,10,-104,119,1,49,1605,275,
866,945,16461,10,-108,118,1,53,1609,277,
860,936,16467,8,-110,119,1,38,1608,276,
856,942,16468,7,-110,114,1,42,1608,280,
856,944,16452,9,-111,114,1,47,1603,269,
868,941,16454,10,-110,115,1,43,1605,279,
856,944,16456,7,-106,115,1,38,1602,270,
856,947,16451,9,-105,118,1,47,1615,273,
862,951,16470,9,-108,119,1,49,1605,275,
863,947,16458,10,-103,118,1,42,1602,280,
860,952,16454,8,-105,120,1,46,1602,276,
857,948,16456,5,-104,115,1,44,1610,270,
860,951,16453,8,-103,116,1,49,1593,273,
852,948,16444,4,-104,116,1,49,1611,279,
855,933,16450,7,-104,121,1,53,1607,271,
861,940,16465,10,-112,119,1,44,1604,270,
866,945,16454,9,-111,117,1,42,1614,280,
873,946,16461,9,-111,116,1,45,1607,275,
871,948,16436,9,-109,116,1,44,1606,268,
869,937,16435,5,-108,119,1,47,1603,277,
853,933,16458,8,-105,117,1,42,1606,270,
859,936,16478,7,-110,118,1,40,1606,276,
857,937,16456,6,-106,116,1,42,1612,274,
860,941,16461,8,-104,113,1,39,1607,267,
852,931,16456,6,-102,115,1,44,1606,278,
861,936,16470,7,-102,116,1,38,1610,280,
860,941,16466,5,-104,115,1,38,1610,276,
861,952,16466,1,-102,116,1,47,1611,275,
856,941,16464,2,-106,115,1,45,1603,273,
861,944,16449,8,-104,113,1,40,1600,272,
859,945,16448,10,-106,114,1,45,1603,273,
860,956,16449,9,-104,114,1,40,1608,272,
861,952,16436,7,-101,114,1,44,1604,272,
867,949,16446,6,-100,113,1,39,1607,281,
865,949,16455,7,-104,115,1,54,1602,276,
860,946,16463,9,-108,114,1,43,1599,275,
859,939,16460,6,-107,114,1,44,1602,264,
859,948,16466,7,-108,113,1,35,1611,273,
856,949,16463,8,-107,118,1,40,1606,276,
855,948,16452,3,-109,118,1,42,1598,270,
851,949,16471,3,-110,114,1,40,1608,268,
863,950,16468,6,-108,107,1,49,1603,275,
863,951,16470,7,-104,106,1,49,1613,271,
865,944,16474,6,-108,108,1,41,1607,269,
859,940,16480,5,-107,111,1,44,1606,278,
864,940,16471,1,-109,113,1,43,1605,281,
862,933,16467,3,-105,111,1,53,1605,271,
858,933,16470,6,-107,114,1,52,1612,276,
864,936,16469,2,-107,110,1,37,1609,269,
861,941,16463,4,-106,114,1,45,1607,279,
866,950,16444,1,-102,118,1,42,1600,278,
859,944,16443,4,-99,121,1,46,1614,278,
870,953,16455,6,-101,120,1,45,1601,271,
866,944,16453,4,-105,122,1,42,1604,274,
863,943,16448,2,-106,118,1,48,1604,280,
861,941,16441,3,-109,115,1,40,1610,274,
857,935,16451,4,-107,115,1,47,1611,273,
861,941,16463,8,-105,117,1,42,1606,270,
862,948,16462,7,-100,115,1,44,1604,270,
864,945,16460,7,-107,120,1,47,1609,269,
867,953,16455,5,-110,119,1,42,1612,272,
871,948,16446,7,-110,116,1,43,1605,267,
857,947,16453,7,-112,114,1,43,1609,275,
857,935,16447,8,-109,116,1,54,1604,280,
856,937,16449,8,-111,117,1,49,1611,271,
854,944,16451,5,-111,117,1,49,1613,271,
856,940,16457,7,-107,115,1,49,1607,273,
860,951,16454,8,-109,112,1,44,1612,278,
862,952,16457,5,-107,111,1,42,1606,272,
863,949,16465,10,-106,111,1,37,1607,273,
864,953,16479,3,-101,114,1,43,1603,273,
864,956,16465,5,-107,112,1,43,1609,273,
864,950,16471,5,-106,116,1,41,1603,271,
865,952,16458,3,-104,118,1,37,1613,273,
858,953,16462,1,-105,119,1,50,1608,284,
857,955,16456,6,-103,116,1,41,1605,275,
860,947,16439,9,-104,120,1,44,1608,278,
858,951,16448,6,-104,116,1,37,1609,275,
859,950,16455,10,-112,114,1,39,1607,265,
856,942,16462,8,-108,115,1,47,1609,269,
859,941,16469,9,-110,113,1,46,1614,274,
858,935,16471,8,-108,115,1,47,1605,277,
857,940,16459,11,-105,115,1,49,1613,271,
863,947,16451,9,-108,115,1,47,1603,277,
860,946,16463,7,-104,115,1,39,1595,271,
862,958,16461,5,-106,121,1,47,1601,281,
855,958,16461,7,-107,120,1,42,1606,268,
857,949,16463,6,-105,117,1,41,1603,273,
858,942,16465,3,-110,120,1,43,1603,281,
852,938,16457,4,-112,116,1,40,1612,280,
855,942,16465,9,-111,115,1,45,1607,273,
857,945,16460,10,-109,115,1,42,1606,272,
845,947,16457,8,-109,115,1,50,1600,278,
847,948,16445,6,-111,112,1,39,1603,273,
850,953,16445,5,-109,119,1,43,1605,277,
852,947,16453,5,-106,118,1,40,1604,276,
859,951,16451,4,-105,116,1,39,1605,277,
852,942,16447,6,-105,118,1,41,1601,271,
852,949,16456,8,-108,120,1,38,1610,274,
850,945,16460,8,-112,116,1,47,1613,273,
845,939,16458,10,-111,121,1,45,1601,271,
835,946,16457,5,-107,118,1,45,1609,273,
842,941,16454,9,-105,117,1,39,1605,277,
851,946,16459,8,-104,119,1,43,1607,269,
861,944,16458,8,-102,114,1,45,1603,275,
858,952,16472,6,-106,119,1,50,1604,274,
847,962,16453,4,-106,118,1,43,1603,269,
853,946,16454,7,-111,119,1,42,1606,272,
858,948,16459,7,-114,119,1,36,1610,278,
859,940,16457,5,-112,117,1,53,1607,279,
855,950,16458,6,-109,115,1,48,1612,276,
857,949,16458,6,-114,115,1,41,1609,283,
858,944,16469,6,-111,115,1,39,1611,275,
864,944,16464,5,-108,114,1,45,1605,269,
850,945,16474,8,-109,117,1,48,1604,274,
855,945,16473,5,-109,114,1,39,1607,275,
852,951,16478,4,-109,112,1,46,1606,270,
870,947,16451,4,-107,112,1,41,1599,277,
860,944,16452,9,-107,114,1,43,1607,273,
861,943,16460,5,-107,118,1,48,1606,274,
854,949,16454,2,-110,116,1,42,1608,274,
862,945,16450,4,-110,118,1,50,1606,274,
851,940,16459,6,-110,114,1,40,1604,276,
856,944,16457,3,-103,116,1,41,1605,277,
856,941,16462,7,-109,112,1,48,1600,276,
863,940,16460,7,-109,112,1,53,1601,267,
865,940,16460,3,-110,117,1,47,1611,277,
857,945,16458,9,-112,115,1,49,1599,279,
860,943,16434,10,-109,111,1,38,1604,268,
861,943,16432,7,-108,110,1,39,1603,273,
858,944,16448,5,-104,109,1,41,1603,273,
858,946,16457,4,-106,114,1,42,1614,270,
861,945,16445,4,-109,116,1,47,1603,273,
860,941,16446,5,-110,114,1,46,1606,274,
855,945,16446,5,-111,114,1,41,1609,267,
858,945,16445,5,-109,112,1,49,1601,277,
858,944,16440,2,-109,115,1,48,1606,280,
854,941,16456,4,-110,113,1,50,1602,276,
857,937,16463,6,-109,115,1,51,1611,275,
857,942,16465,4,-110,111,1,45,1611,267,
856,945,16463,3,-106,116,1,42,1612,272,
865,947,16462,5,-107,114,1,39,1609,277,
864,952,16467,3,-106,117,1,42,1608,270,
868,938,16460,5,-103,114,1,50,1608,274,
864,944,16450,6,-108,117,1,47,1601,267,
862,939,16454,4,-109,111,1,46,1610,274,
859,933,16439,-3,-104,113,1,45,1605,267,
865,941,16445,1,-108,112,1,49,1605,277,
860,936,16442,6,-106,115,1,44,1610,272,
860,936,16440,5,-105,115,1,38,1608,276,
855,945,16445,6,-106,114,1,44,1604,270,
859,951,16440,9,-105,114,1,43,1605,271,
856,950,16450,3,-103,116,1,41,1615,275,
858,957,16442,8,-101,118,1,43,1599,273,
863,948,16452,5,-102,112,1,39,1607,269,
869,946,16455,8,-102,118,1,48,1600,276,
853,939,16451,10,-102,117,1,46,1600,274,
848,945,16449,11,-106,115,1,43,1603,283,
853,950,16439,8,-108,113,1,42,1608,270,
846,945,16430,8,-111,113,1,40,1604,276,
849,945,16440,2,-109,114,1,41,1603,275,
855,947,16440,2,-106,114,1,40,1604,268,
867,947,16432,3,-109,115,1,46,1596,274,
858,951,16438,6,-108,112,1,42,1612,274,
868,939,16457,10,-110,114,1,46,1610,270,
871,937,16475,8,-111,110,1,42,1598,278,
869,940,16469,8,-110,114,1,45,1609,275,
862,946,16451,11,-112,111,1,48,1610,274,
863,940,16467,11,-108,110,1,40,1610,274,
865,949,16452,12,-107,113,1,43,1607,273,
866,950,16455,11,-108,113,1,39,1607,275,
862,954,16458,8,-110,114,1,39,1613,283,
857,947,16458,5,-108,114,1,43,1607,271,
853,943,16450,7,-104,114,1,43,1607,273,
856,943,16452,6,-108,115,1,43,1601,277,
855,945,16455,6,-111,113,1,43,1603,277,
851,947,16454,7,-106,115,1,39,1607,265,
846,947,16453,10,-105,114,1,47,1609,275,
844,946,16463,10,-107,114,1,45,1609,277,
847,938,16459,8,-106,116,1,40,1610,270,
856,948,16457,9,-109,112,1,40,1608,272,
867,943,16456,8,-112,111,1,40,1606,276,
857,941,16446,7,-109,114,1,47,1599,279,
864,939,16461,8,-109,113,1,54,1608,272,
855,941,16443,4,-110,115,1,40,1600,270,
852,940,16459,9,-108,115,1,43,1605,273,
855,937,16447,11,-108,116,1,45,1599,275,
848,938,16452,9,-106,115,1,42,1612,274,
851,943,16446,10,-102,119,1,43,1605,265,
858,948,16461,7,-102,112,1,45,1603,277,
844,942,16471,8,-102,116,1,40,1608,280,
856,948,16472,6,-100,114,1,47,1611,275,
859,951,16466,8,-100,112,1,50,1606,274,
861,950,16460,5,-100,117,1,41,1603,271,
855,952,16458,3,-102,116,1,45,1603,271,
863,938,16441,-1,-103,117,1,48,1608,268,
865,951,16446,4,-103,113,1,43,1603,261,
864,955,16453,5,-107,111,1,43,1609,277,
866,946,16451,6,-105,110,1,40,1612,272,
865,946,16469,5,-109,114,1,43,1609,275,
864,945,16448,5,-110,112,1,39,1609,277,
863,947,16454,7,-106,113,1,47,1605,279,
856,944,16455,8,-109,114,1,45,1603,271,
854,943,16459,5,-108,116,1,40,1606,276,
855,946,16444,6,-109,116,1,41,1613,277,
858,950,16447,3,-108,114,1,44,1612,274,
855,955,16446,2,-105,114,1,33,1601,273,
866,952,16450,6,-101,117,1,35,1605,277,
855,945,16454,5,-101,112,1,46,1614,274,
857,947,16435,5,-107,113,1,44,1602,268,
849,942,16441,3,-99,117,1,51,1605,267,
846,949,16455,5,-98,115,1,46,1610,272,
846,954,16458,6,-103,117,1,43,1597,271,
856,942,16438,8,-105,118,1,46,1602,268,
870,949,16442,4,-107,116,1,45,1603,277,
869,947,16450,7,-112,113,1,32,1606,274,
871,946,16470,4,-109,114,1,41,1607,277,
871,960,16469,7,-114,113,1,44,1612,278,
861,967,16456,4,-110,113,1,50,1608,276,
849,950,16447,3,-112,114,1,48,1610,276,
847,959,16440,3,-109,115,1,41,1613,269,
852,947,16455,2,-113,112,1,36,1604,276,
848,950,16451,1,-109,116,1,47,1611,275,
851,932,16452,2,-105,114,1,45,1599,267,
845,944,16452,4,-111,114,1,49,1609,267,
849,950,16445,3,-108,113,1,42,1604,274,
852,942,16446,0,-107,113,1,39,1601,267,
859,952,16454,5,-110,114,1,45,1599,277,
861,948,16463,0,-103,114,1,42,1610,272,
863,946,16466,0,-103,113,1,43,1605,271,
862,943,16475,5,-105,115,1,42,1608,274,
857,953,16470,2,-108,116,1,44,1608,270,
856,940,16451,4,-107,116,1,38,1600,268,
861,948,16445,4,-105,114,1,44,1610,274,
842,944,16452,9,-110,115,1,45,1605,279,
860,947,16461,7,-109,116,1,40,1602,280,
862,946,16457,7,-108,117,1,43,1605,279,
856,944,16455,4,-112,115,1,48,1610,268,
863,947,16458,6,-111,117,1,48,1602,274,
863,958,16443,7,-106,118,1,44,1610,270,
853,952,16453,6,-103,118,1,37,1603,273,
855,962,16460,7,-104,119,1,47,1613,267,
857,953,16445,6,-103,116,1,38,1604,268,
862,949,16438,6,-104,115,1,45,1609,281,
864,960,16456,4,-105,116,1,48,1612,274,
854,955,16460,6,-106,116,1,36,1602,274,
851,955,16456,9,-106,114,1,43,1609,275,
853,956,16456,6,-106,121,1,39,1603,263,
849,947,16453,3,-104,118,1,51,1607,281,
857,951,16460,4,-103,117,1,41,1607,275,
868,947,16458,5,-108,119,1,46,1602,276,
862,952,16465,3,-105,118,1,47,1609,273,
865,944,16439,5,-103,114,1,36,1608,270,
854,944,16453,-1,-102,113,1,42,1610,274,
850,953,16450,4,-103,110,1,40,1612,280,
857,950,16452,8,-104,113,1,39,1607,273,
849,949,16455,6,-104,114,1,44,1610,268,
852,952,16461,2,-106,114,1,43,1611,277,
868,949,16460,2,-108,111,1,47,1611,271,
863,950,16455,2,-105,111,1,41,1601,267,
850,954,16457,6,-106,111,1,47,1611,281,
842,949,16462,6,-101,111,1,44,1610,276,
841,954,16450,3,-103,112,1,34,1606,272,
848,953,16455,2,-105,114,1,42,1602,278,
852,957,16448,5,-108,117,1,46,1602,270,
855,958,16445,3,-113,116,1,42,1614,280,
851,951,16447,5,-111,114,1,46,1606,270,
853,948,16443,8,-106,111,1,34,1604,268,
857,944,16437,4,-108,106,1,46,1606,276,
861,941,16441,4,-106,109,1,47,1595,277,
864,943,16454,6,-110,114,1,39,1609,271,
861,944,16446,7,-107,116,1,51,1615,275,
863,941,16448,4,-110,117,1,36,1606,274,
857,945,16450,2,-108,111,1,44,1610,278,
855,950,16456,5,-107,114,1,45,1609,271,
857,942,16462,6,-102,113,1,43,1601,273,
851,939,16470,4,-109,116,1,41,1605,273,
854,950,16478,4,-107,112,1,37,1611,267,
856,948,16480,11,-111,114,1,44,1602,268,
857,948,16472,8,-108,114,1,43,1603,267,
856,944,16461,8,-103,115,1,42,1598,274,
863,935,16455,5,-105,112,1,40,1606,276,
865,938,16448,3,-107,115,1,47,1605,267,
864,949,16444,7,-110,111,1,46,1604,270,
869,952,16456,6,-112,116,1,45,1607,275,
857,935,16454,7,-108,110,1,44,1606,276,
864,939,16446,5,-105,111,1,41,1611,275,
858,944,16450,5,-108,112,1,54,1604,270,
863,945,16458,7,-106,114,1,42,1604,272,
860,952,16462,6,-113,118,1,45,1605,271,
845,954,16447,5,-109,121,1,40,1602,274,
845,950,16458,4,-107,118,1,41,1613,275,
855,950,16471,6,-106,115,1,45,1605,277,
852,944,16467,6,-110,113,1,33,1609,271,
858,947,16460,5,-107,114,1,44,1608,276,
862,944,16458,5,-109,115,1,45,1609,281,
861,944,16455,5,-107,111,1,41,1607,277,
855,952,16458,5,-110,114,1,52,1604,268,
850,954,16465,5,-107,114,1,51,1605,277,
863,941,16462,4,-105,112,1,36,1608,274,
851,952,16460,8,-109,121,1,58,1594,282,
861,965,16456,6,-107,117,1,42,1604,266,
852,956,16460,4,-105,118,1,43,1607,279,
854,961,16451,7,-106,115,1,43,1607,279,
853,950,16455,7,-104,117,1,41,1605,273,
848,947,16460,8,-106,115,1,48,1598,274,
850,952,16454,10,-105,114,1,48,1604,278,
856,956,16459,8,-104,115,1,51,1611,267,
850,950,16453,6,-106,118,1,43,1607,271,
860,950,16451,4,-104,115,1,50,1612,276,
858,952,16449,4,-107,114,1,47,1605,277,
858,943,16453,1,-105,115,1,46,1612,274,
857,953,16449,4,-103,112,1,44,1606,276,
853,956,16462,4,-109,116,1,41,1611,269,
855,965,16446,3,-109,116,1,47,1613,277,
867,967,16448,7,-107,113,1,46,1612,270,
861,957,16450,6,-105,119,1,48,1608,272,
856,952,16448,5,-107,117,1,40,1600,278,
857,952,16449,7,-107,117,1,49,1609,269,
853,940,16439,3,-106,116,1,46,1604,278,
854,949,16427,2,-107,117,1,44,1610,274,
864,949,16447,2,-107,114,1,39,1603,265,
854,941,16455,4,-106,112,1,50,1604,274,
852,942,16446,4,-107,115,1,43,1607,273,
853,942,16440,5,-107,117,1,44,1608,276,
862,941,16441,8,-106,113,1,44,1610,274,
862,942,16438,6,-108,116,1,40,1606,278,
856,946,16445,6,-103,120,1,49,1607,273,
862,944,16445,5,-106,117,1,42,1606,282,
861,955,16450,6,-109,112,1,42,1610,278,
862,960,16449,3,-104,115,1,42,1604,274,
862,945,16469,4,-108,112,1,44,1602,270,
856,944,16469,3,-107,111,1,43,1603,279,
864,953,16476,1,-102,112,1,40,1604,270,
865,955,16469,3,-108,112,1,47,1603,275,
856,956,16476,4,-111,116,1,43,1599,277,
861,952,16469,9,-110,115,1,43,1605,277,
861,950,16459,4,-107,115,1,41,1601,271,
858,945,16462,1,-104,111,1,38,1604,276,
856,948,16451,3,-103,108,1,39,1609,275,
861,950,16444,3,-108,113,1,38,1600,278,
866,947,16453,5,-108,108,1,44,1604,268,
865,951,16444,4,-108,114,1,37,1605,269,
861,957,16451,4,-104,115,1,43,1609,279,
855,948,16458,5,-105,117,1,36,1602,282,
853,944,16467,6,-105,115,1,39,1611,273,
856,940,16462,8,-103,113,1,40,1606,266,
853,943,16463,4,-106,114,1,50,1608,274,
861,941,16445,5,-110,113,1,46,1606,272,
856,945,16442,8,-108,115,1,43,1609,269,
853,951,16456,4,-106,115,1,42,1606,268,
856,955,16463,7,-107,116,1,48,1594,276,
865,949,16455,7,-107,115,1,38,1600,270,
857,958,16453,7,-106,115,1,43,1601,275,
854,953,16457,0,-104,113,1,42,1602,270,
839,955,16450,3,-108,116,1,42,1614,274,
852,946,16470,7,-107,116,1,41,1617,277,
850,947,16465,12,-109,117,1,38,1602,280,
851,944,16453,11,-104,119,1,48,1610,274,
854,944,16450,9,-101,115,1,42,1604,278,
865,950,16452,8,-101,115,1,42,1602,280,
863,950,16441,9,-107,117,1,38,1610,276,
868,946,16441,7,-106,115,1,44,1608,272,
861,961,16440,11,-107,117,1,43,1607,275,
857,958,16438,9,-104,115,1,42,1612,270,
866,948,16430,6,-100,113,1,43,1611,275,
868,947,16426,5,-103,113,1,40,1604,270,
860,953,16448,6,-101,116,1,44,1608,276,
861,958,16444,7,-101,114,1,46,1608,270,
851,943,16458,7,-100,118,1,48,1604,282,
852,959,16454,8,-105,118,1,35,1611,277,
855,957,16441,16,-106,116,1,39,1609,269,
854,947,16434,11,-104,115,1,42,1612,272,
858,951,16457,9,-104,114,1,42,1600,274,
850,951,16443,11,-104,117,1,37,1617,275,
850,962,16457,7,-107,115,1,46,1604,266,
852,955,16450,5,-111,115,1,37,1605,277,
863,951,16450,2,-107,110,1,41,1613,275,
850,948,16455,8,-105,113,1,49,1607,277,
852,958,16453,8,-109,111,1,47,1605,273,
860,952,16452,10,-106,112,1,40,1610,272,
860,945,16478,3,-107,114,1,46,1606,280,
856,951,16464,4,-108,116,1,44,1608,264,
856,945,16466,0,-104,117,1,38,1604,276,
859,941,16463,5,-105,114,1,45,1609,269,
847,943,16473,3,-105,117,1,45,1619,271,
851,938,16463,5,-109,115,1,37,1607,273,
862,947,16453,7,-103,117,1,43,1609,269,
864,941,16451,6,-103,112,1,47,1607,267,
871,944,16453,8,-105,113,1,45,1599,273,
868,953,16455,8,-104,113,1,45,1607,269,
864,951,16462,6,-106,110,1,43,1603,277,
858,948,16465,9,-104,113,1,39,1607,271,
860,952,16469,10,-103,117,1,38,1604,276,
870,955,16454,9,-104,115,1,48,1606,268,
864,959,16469,4,-106,111,1,40,1606,270,
864,957,16458,5,-111,115,1,38,1606,278,
863,952,16463,3,-109,115,1,48,1612,272,
856,955,16453,4,-112,115,1,48,1608,274,
865,955,16446,4,-109,118,1,38,1612,272,
855,951,16460,5,-111,120,1,40,1598,270,
859,951,16453,8,-109,118,1,41,1607,275,
860,952,16437,7,-110,116,1,44,1608,274,
853,955,16453,5,-107,115,1,38,1606,270,
854,954,16463,7,-109,119,1,44,1602,268,
859,953,16468,7,-106,116,1,48,1600,278,
852,951,16463,7,-108,113,1,41,1605,273,
855,951,16460,6,-107,112,1,43,1605,271,
867,951,16460,6,-106,113,1,35,1605,267,
866,958,16481,5,-104,111,1,41,1603,271,
853,954,16461,6,-108,111,1,40,1602,262,
850,948,16460,3,-106,111,1,38,1604,276,
849,950,16456,5,-105,113,1,48,1604,270,
855,952,16450,7,-109,115,1,43,1607,269,
856,944,16451,7,-105,116,1,46,1606,268,
859,951,16451,4,-106,117,1,45,1601,267,
854,947,16451,3,-106,117,1,46,1610,278,
853,946,16462,-2,-104,115,1,42,1608,276,
854,951,16465,3,-108,115,1,52,1600,270,
853,951,16466,9,-105,117,1,46,1614,272,
856,940,16467,6,-108,114,1,42,1604,274,
851,947,16485,7,-110,118,1,48,1608,276,
860,949,16466,7,-104,115,1,42,1598,278,
869,944,16459,7,-107,119,1,43,1607,273,
866,942,16431,4,-105,119,1,46,1600,272,
873,946,16438,5,-109,117,1,44,1610,272,
863,954,16457,8,-106,116,1,43,1607,279,
861,954,16455,6,-105,111,1,40,1604,278,
872,953,16461,3,-101,114,1,45,1609,273,
862,964,16460,2,-100,112,1,43,1603,275,
851,961,16462,4,-101,116,1,41,1607,273,
864,951,16462,5,-103,115,1,47,1609,277,
843,963,16469,2,-103,114,1,38,1608,272,
843,965,16467,3,-104,113,1,43,1613,271,
852,956,16483,8,-105,113,1,45,1607,273,
850,952,16463,10,-107,113,1,46,1606,266,
854,953,16457,8,-104,114,1,44,1610,270,
857,945,16453,9,-105,113,1,43,1605,271,
853,948,16468,7,-105,115,1,38,1614,272,
858,940,16459,6,-104,110,1,46,1602,268,
857,949,16466,6,-102,112,1,38,1610,268,
859,952,16463,9,-107,114,1,50,1612,278,
858,949,16447,6,-106,115,1,43,1611,279,
865,943,16445,9,-105,115,1,46,1606,270,
866,943,16448,6,-107,112,1,44,1608,278,
864,941,16451,5,-109,112,1,48,1606,270,
858,955,16455,7,-105,111,1,45,1611,275,
864,950,16454,4,-102,110,1,47,1613,275,
862,954,16454,5,-104,111,1,45,1601,275,
865,955,16461,11,-106,113,1,43,1611,281,
860,946,16475,5,-105,115,1,43,1611,277,
860,942,16470,6,-106,117,1,37,1607,279,
855,949,16455,6,-106,112,1,39,1605,263,
845,944,16443,8,-104,118,1,39,1597,267,
857,943,16451,6,-108,117,1,52,1602,266,
854,944,16438,5,-105,119,1,46,1608,274,
850,941,16446,6,-110,114,1,44,1600,272,
850,946,16451,8,-113,114,1,39,1603,273,
858,953,16446,3,-108,115,1,47,1603,275,
854,951,16436,4,-114,114,1,47,1609,275,
854,940,16440,3,-113,117,1,44,1606,278,
849,945,16448,5,-110,112,1,39,1613,271,
865,947,16457,7,-109,113,1,45,1599,271,
867,949,16463,5,-114,118,1,42,1604,268,
864,947,16452,7,-105,119,1,40,1610,262,
856,944,16454,8,-110,120,1,43,1607,275,
854,953,16455,10,-113,117,1,45,1607,277,
861,946,16463,8,-109,115,1,43,1593,271,
859,957,16443,8,-108,115,1,47,1609,271,
856,947,16451,7,-105,118,1,48,1612,274,
866,938,16448,3,-103,116,1,38,1606,274,
861,942,16458,-2,-104,122,1,38,1608,276,
862,942,16466,0,-104,116,1,44,1608,278,
858,938,16465,0,-103,114,1,43,1607,273,
872,943,16467,1,-103,120,1,51,1607,281,
862,950,16463,4,-105,118,1,44,1594,270,
859,947,16458,5,-105,119,1,36,1600,276,
853,944,16463,6,-105,118,1,40,1604,280,
853,939,16464,4,-102,117,1,40,1608,276,
846,939,16460,9,-101,116,1,35,1609,273,
848,935,16456,10,-104,116,1,46,1618,280,
857,935,16447,6,-103,115,1,40,1600,274,
851,942,16444,6,-105,114,1,42,1602,274,
851,939,16450,6,-107,113,1,37,1605,275,
856,943,16452,11,-106,113,1,43,1605,279,
859,943,16451,10,-106,114,1,39,1607,275,
855,952,16452,8,-106,117,1,48,1608,286,
846,945,16459,7,-105,121,1,41,1609,269,
858,954,16460,6,-108,117,1,48,1608,276,
852,947,16473,7,-103,121,1,43,1603,269,
850,955,16465,6,-105,116,1,40,1608,282,
850,943,16456,10,-105,117,1,45,1615,269,
846,948,16447,7,-110,117,1,49,1605,273,
846,954,16441,8,-112,117,1,45,1609,277,
851,951,16436,5,-112,115,1,39,1609,275,
859,950,16448,1,-105,116,1,40,1608,272,
858,949,16452,3,-105,113,1,42,1602,272,
860,942,16451,0,-107,115,1,46,1604,270,
866,945,16434,5,-108,115,1,42,1608,276,
855,950,16441,5,-109,118,1,46,1600,276,
852,949,16459,4,-109,119,1,50,1610,274,
868,951,16446,6,-106,119,1,41,1607,275,
862,953,16454,5,-106,115,1,40,1612,278,
860,950,16450,3,-112,117,1,47,1601,271,
856,941,16468,6,-109,117,1,50,1604,274,
852,948,16453,8,-108,115,1,49,1611,267,
848,941,16446,4,-108,108,1,41,1607,269,
846,936,16450,8,-109,113,1,44,1608,278,
857,939,16461,10,-106,114,1,43,1607,277,
862,952,16472,6,-104,114,1,45,1605,273,
857,947,16463,7,-105,116,1,44,1602,276,
853,951,16464,6,-107,116,1,47,1609,275,
859,949,16451,6,-107,114,1,43,1605,275,
853,958,16459,5,-107,116,1,51,1601,281,
867,961,16463,7,-109,116,1,36,1612,274,
866,952,16462,9,-109,117,1,39,1605,261,
868,951,16459,5,-107,114,1,46,1606,270,
863,952,16448,8,-106,120,1,35,1601,275,
864,948,16464,7,-104,116,1,39,1601,271,
862,950,16452,9,-107,113,1,52,1604,268,
858,950,16449,9,-108,115,1,46,1606,274,
853,955,16463,6,-106,117,1,47,1611,275,
852,953,16460,5,-107,118,1,48,1610,268,
859,956,16451,7,-112,116,1,36,1610,266,
854,945,16462,6,-106,119,1,40,1600,268,
854,941,16453,10,-109,117,1,45,1615,273,
852,940,16447,6,-106,115,1,40,1604,272,
856,944,16443,1,-109,115,1,38,1602,274,
858,947,16453,1,-112,116,1,39,1605,275,
859,944,16449,5,-111,113,1,45,1605,273,
844,947,16462,6,-114,112,1,48,1606,272,
845,956,16465,6,-110,115,1,54,1604,268,
846,955,16461,7,-109,114,1,43,1609,273,
849,949,16468,4,-111,113,1,40,1612,276,
849,943,16471,6,-112,111,1,39,1601,267,
857,946,16473,7,-107,115,1,39,1603,277,
855,949,16467,4,-106,115,1,46,1602,272,
853,953,16456,7,-104,116,1,42,1606,270,
852,952,16441,9,-108,118,1,45,1605,269,
850,950,16440,7,-109,117,1,40,1606,276,
860,945,16449,7,-108,119,1,44,1608,276,
870,943,16450,6,-104,117,1,37,1599,273,
868,938,16451,6,-106,111,1,45,1605,273,
866,949,16441,5,-105,114,1,45,1609,275,
870,943,16447,9,-104,113,1,46,1610,274,
859,938,16447,8,-104,116,1,49,1609,273,
857,942,16453,7,-105,120,1,36,1604,272,
851,939,16475,10,-105,114,1,42,1608,276,
855,937,16478,4,-106,115,1,40,1614,268,
857,931,16478,1,-104,115,1,39,1609,269,
857,941,16475,4,-104,115,1,39,1609,275,
852,951,16456,3,-108,115,1,50,1600,270,
857,947,16452,7,-108,113,1,47,1605,269,
856,942,16445,5,-106,116,1,45,1607,279,
857,936,16447,6,-106,113,1,47,1607,271,
851,946,16457,3,-108,116,1,43,1603,277,
860,953,16436,6,-108,116,1,41,1611,269,
861,948,16448,5,-107,119,1,52,1606,276,
855,943,16445,2,-104,121,1,42,1604,278,
846,950,16447,0,-105,117,1,44,1606,274,
856,958,16464,3,-107,113,1,48,1610,272,
857,943,16462,4,-111,116,1,43,1611,279,
870,949,16469,6,-109,119,1,44,1608,274,
854,948,16455,9,-107,117,1,47,1615,277,
858,949,16442,9,-105,114,1,40,1608,276,
857,952,16448,5,-108,116,1,42,1600,276,
855,958,16460,4,-108,113,1,45,1603,273,
867,954,16459,3,-106,115,1,38,1616,274,
868,956,16460,5,-102,113,1,45,1605,273,
859,950,16469,7,-103,112,1,37,1603,275,
867,952,16458,0,-106,120,1,36,1606,272,
859,957,16455,3,-103,120,1,39,1601,275,
857,960,16468,4,-103,116,1,50,1602,272,
860,954,16475,3,-102,115,1,51,1607,275,
851,949,16481,8,-104,112,1,46,1608,278,
856,942,16467,6,-98,114,1,39,1611,277,
865,948,16454,6,-98,115,1,43,1603,273,
855,949,16464,9,-101,110,1,47,1601,265,
860,950,16461,8,-100,112,1,48,1612,274,
865,946,16477,5,-102,112,1,43,1611,269,
869,943,16476,8,-105,114,1,44,1606,268,
857,945,16467,8,-104,116,1,54,1610,274,
857,949,16471,6,-104,114,1,46,1606,268,
859,949,16457,10,-106,119,1,50,1600,270,
867,954,16447,8,-107,123,1,43,1605,269,
858,955,16449,4,-109,120,1,47,1599,267,
860,953,16436,10,-111,118,1,52,1608,278,
863,958,16466,8,-108,120,1,40,1602,270,
860,957,16459,6,-107,118,1,43,1603,273,
858,952,16447,5,-108,118,1,43,1609,275,
861,952,16443,9,-103,115,1,49,1603,271,
858,949,16452,6,-105,118,1,47,1603,269,
855,952,16454,8,-104,112,1,45,1603,269,
848,964,16446,9,-105,112,1,46,1604,270,
855,953,16447,9,-105,112,1,46,1604,270,
860,964,16458,6,-101,111,1,37,1607,273,
861,961,16452,5,-103,112,1,41,1607,275,
860,951,16465,2,-110,113,1,42,1608,276,
864,955,16458,6,-109,118,1,42,1604,272,
868,952,16473,3,-107,118,1,52,1612,270,
856,953,16474,10,-105,118,1,43,1605,279,
853,945,16459,3,-98,115,1,46,1608,276,
867,952,16456,6,-100,119,1,40,1606,276,
864,951,16462,7,-105,118,1,39,1603,273,
860,962,16472,8,-108,126,1,42,1602,274,
853,955,16461,6,-109,122,1,53,1605,267,
861,946,16457,3,-105,119,1,46,1606,278,
850,941,16464,6,-106,121,1,41,1601,275,
857,950,16457,9,-104,118,1,44,1606,272,
859,947,16447,10,-106,118,1,47,1603,271,
862,953,16470,9,-98,117,1,40,1608,274,
857,954,16470,7,-101,116,1,45,1607,269,
854,951,16461,9,-100,114,1,46,1610,278,
852,953,16459,6,-103,115,1,42,1610,274,
853,950,16463,5,-106,115,1,39,1605,283,
849,949,16477,6,-108,116,1,45,1607,267,
846,950,16485,3,-107,115,1,42,1610,276,
844,947,16475,6,-108,115,1,44,1610,278,
846,950,16466,9,-107,116,1,42,1604,272,
860,961,16455,8,-105,117,1,39,1605,275,
866,964,16453,3,-107,114,1,45,1603,275,
867,960,16472,-2,-105,116,1,36,1602,274,
867,960,16478,1,-107,115,1,45,1607,271,
872,953,16472,1,-100,117,1,47,1609,285,
865,960,16454,3,-106,117,1,43,1605,273,
870,945,16451,3,-107,116,1,46,1602,272,
858,945,16443,2,-111,115,1,45,1605,271,
865,953,16454,6,-111,115,1,45,1603,263,
856,938,16465,4,-109,114,1,46,1610,274,
858,945,16465,8,-107,116,1,45,1613,269,
864,953,16479,10,-114,118,1,47,1603,275,
866,948,16466,13,-110,114,1,43,1605,267,
873,946,16469,7,-111,116,1,43,1609,269,
861,947,16453,7,-110,116,1,50,1600,272,
862,937,16457,3,-112,114,1,54,1606,272,
864,952,16457,0,-109,116,1,53,1603,269,
862,944,16461,1,-112,114,1,41,1603,271,
867,949,16462,2,-110,115,1,40,1598,280,
858,940,16462,4,-114,114,1,39,1603,273,
862,947,16450,5,-106,118,1,43,1609,277,
867,940,16451,7,-110,123,1,46,1606,268,
854,947,16448,8,-109,122,1,46,1600,276,
860,941,16464,8,-109,122,1,46,1604,276,
860,948,16436,3,-101,119,1,45,1609,267,
861,951,16438,2,-101,120,1,44,1606,278,
860,945,16441,0,-102,120,1,42,1612,274,
862,949,16459,5,-104,119,1,45,1601,275,
857,947,16461,4,-105,119,1,48,1606,268,
862,950,16448,3,-102,120,1,45,1601,269,
862,946,16457,5,-103,119,1,42,1606,274,
861,946,16464,5,-109,115,1,41,1607,271,
871,954,16468,5,-110,115,1,47,1605,275,
866,956,16465,1,-106,115,1,45,1609,273,
859,950,16464,4,-110,117,1,48,1606,276,
853,960,16449,4,-107,116,1,47,1613,269,
867,956,16463,5,-107,118,1,39,1609,269,
872,949,16477,6,-109,117,1,36,1608,276,
861,948,16459,8,-108,117,1,46,1606,274,
863,945,16461,9,-109,115,1,44,1604,274,
856,944,16465,5,-107,113,1,44,1606,274,
869,950,16464,5,-108,113,1,44,1616,276,
858,949,16458,3,-106,112,1,43,1601,275,
840,947,16449,3,-110,117,1,47,1611,281,
844,947,16466,5,-114,116,1,42,1608,272,
850,946,16447,2,-111,112,1,48,1608,278,
849,945,16455,4,-111,113,1,41,1605,269,
858,941,16460,6,-111,118,1,42,1604,268,
861,952,16454,6,-110,119,1,40,1608,272,
860,945,16456,8,-107,116,1,44,1606,276,
867,948,16468,8,-109,114,1,44,1602,266,
860,948,16472,6,-104,119,1,46,1604,274,
860,942,16469,11,-103,114,1,39,1609,269,
861,950,16469,10,-108,115,1,49,1611,273,
859,947,16479,8,-110,120,1,39,1609,271,
860,953,16469,8,-111,117,1,45,1607,275,
852,952,16458,8,-107,117,1,48,1602,276,
859,943,16447,9,-105,115,1,43,1603,273,
858,943,16441,7,-110,115,1,50,1606,272,
846,948,16431,5,-113,119,1,46,1612,274,
856,950,16445,4,-110,114,1,43,1609,279,
857,953,16452,5,-111,118,1,39,1605,269,
853,949,16457,4,-107,116,1,39,1619,271,
851,953,16463,5,-110,115,1,46,1602,270,
860,949,16455,9,-106,114,1,51,1609,281,
866,958,16460,3,-106,117,1,48,1608,276,
859,951,16459,8,-106,118,1,43,1609,275,
864,948,16457,9,-110,115,1,42,1604,278,
859,949,16458,4,-111,116,1,50,1606,276,
859,953,16448,7,-109,115,1,47,1609,273,
857,953,16432,6,-104,114,1,38,1610,274,
854,951,16450,4,-108,116,1,47,1601,269,
856,951,16453,3,-104,114,1,34,1602,274,
863,949,16451,6,-111,116,1,44,1610,272,
852,949,16450,8,-109,116,1,44,1602,274,
857,944,16463,8,-109,114,1,42,1604,274,
856,946,16448,6,-109,115,1,48,1612,270,
868,944,16459,7,-110,116,1,45,1615,277,
854,953,16454,4,-110,117,1,40,1612,276,
859,952,16459,3,-110,114,1,45,1605,279,
853,950,16475,7,-106,119,1,47,1603,277,
855,952,16455,3,-111,121,1,51,1601,271,
855,957,16471,4,-111,120,1,44,1610,274,
860,956,16448,4,-107,119,1,45,1609,275,
864,952,16455,7,-106,117,1,48,1602,274,
873,946,16452,11,-109,116,1,44,1602,276,
870,939,16463,0,-108,114,1,44,1598,270,
867,947,16453,1,-105,111,1,39,1603,277,
864,943,16448,6,-103,120,1,52,1610,270,
871,938,16453,7,-104,118,1,36,1604,270,
858,937,16445,7,-106,119,1,37,1603,275,
867,942,16453,8,-106,115,1,55,1593,271,
862,938,16463,8,-104,116,1,45,1607,281,
862,944,16463,4,-103,115,1,46,1602,268,
861,947,16464,6,-103,115,1,47,1607,269,
859,949,16477,9,-101,118,1,36,1602,270,
862,947,16473,12,-102,117,1,39,1611,267,
867,953,16466,8,-102,117,1,55,1611,275,
861,956,16462,6,-104,115,1,32,1612,276,
855,942,16469,6,-105,114,1,47,1605,271,
849,942,16475,4,-103,114,1,47,1603,273,
856,948,16484,7,-104,114,1,44,1602,278,
856,943,16464,6,-103,114,1,49,1601,281,
857,947,16459,3,-104,115,1,46,1612,276,
857,947,16447,7,-108,116,1,37,1607,275,
852,953,16449,7,-108,118,1,39,1609,273,
864,951,16466,9,-106,118,1,36,1610,274,
860,953,16474,7,-105,117,1,43,1607,269,
852,952,16457,7,-108,119,1,37,1613,287,
854,955,16452,7,-106,114,1,48,1602,264,
856,961,16464,7,-108,114,1,44,1604,272,
863,957,16461,4,-110,113,1,42,1602,276,
866,954,16457,4,-108,116,1,45,1613,275,
871,950,16461,6,-110,111,1,48,1608,276,
867,945,16464,5,-109,112,1,44,1600,280,
865,946,16452,5,-107,112,1,41,1611,271,
859,948,16466,7,-107,115,1,47,1611,273,
861,939,16457,7,-112,121,1,37,1607,273,
868,940,16454,5,-108,119,1,40,1604,266,
866,942,16451,3,-105,117,1,39,1605,273,
863,937,16456,2,-103,114,1,46,1604,272,
856,946,16446,3,-105,118,1,50,1606,266,
856,941,16449,1,-102,120,1,40,1610,278,
859,951,16461,6,-101,120,1,42,1600,272,
852,949,16460,7,-106,119,1,48,1602,282,
857,952,16483,6,-109,118,1,44,1606,276,
855,948,16496,3,-111,115,1,33,1603,279,
855,943,16471,3,-110,115,1,44,1606,272,
860,942,16476,5,-108,114,1,41,1601,273,
864,955,16484,2,-105,118,1,40,1602,274,
861,951,16465,5,-104,117,1,41,1611,273,
861,959,16468,8,-108,116,1,49,1607,271,
862,965,16472,5,-108,116,1,47,1601,269,
868,956,16479,2,-107,115,1,45,1605,275,
866,947,16479,4,-106,111,1,43,1609,273,
860,958,16470,8,-106,115,1,50,1604,278,
853,957,16467,8,-106,114,1,41,1605,279,
858,952,16469,8,-104,108,1,50,1610,270,
858,948,16466,11,-109,117,1,35,1603,263,
857,948,16471,8,-105,121,1,48,1616,272,
867,950,16479,5,-107,120,1,42,1604,274,
855,954,16465,5,-112,118,1,48,1610,270,
856,943,16455,5,-107,120,1,47,1611,273,
859,955,16461,8,-103,117,1,45,1607,277,
863,953,16458,11,-104,113,1,47,1603,277,
870,954,16452,11,-105,117,1,46,1604,276,
869,952,16453,6,-109,118,1,44,1606,268,
857,950,16466,4,-108,116,1,45,1609,265,
866,943,16458,2,-104,120,1,41,1599,273,
858,950,16441,5,-105,119,1,43,1607,273,
863,955,16461,6,-103,118,1,36,1606,274,
856,950,16453,6,-107,118,1,50,1614,280,
859,944,16468,7,-104,120,1,44,1602,278,
859,938,16465,5,-104,119,1,45,1613,271,
856,935,16467,10,-100,118,1,43,1605,269,
852,944,16471,7,-109,113,1,44,1602,272,
853,942,16462,5,-106,114,1,39,1613,271,
862,945,16484,5,-106,120,1,46,1608,268,
853,943,16474,7,-108,121,1,40,1602,272,
853,944,16473,6,-109,119,1,39,1599,279,
855,946,16465,8,-107,112,1,43,1607,275,
854,946,16456,6,-109,115,1,45,1615,279,
855,946,16461,3,-112,117,1,42,1602,272,
852,946,16460,10,-112,114,1,49,1609,275,
851,950,16450,7,-110,118,1,47,1611,271,
860,950,16466,9,-106,118,1,45,1603,269,
851,949,16466,6,-107,114,1,36,1606,278,
858,943,16454,7,-103,118,1,42,1606,266,
864,945,16453,9,-107,118,1,41,1609,271,
871,944,16447,6,-110,116,1,46,1606,274,
867,940,16451,5,-109,116,1,46,1604,272,
866,942,16454,7,-111,120,1,43,1605,271,
860,946,16456,6,-110,117,1,47,1611,271,
860,948,16457,5,-104,113,1,46,1606,278,
849,956,16455,6,-107,113,1,41,1603,277,
854,948,16464,5,-107,116,1,44,1600,272,
868,945,16465,1,-107,116,1,45,1601,279,
869,953,16461,2,-106,116,1,44,1610,268,
862,946,16466,4,-105,121,1,46,1604,274,
864,949,16459,3,-103,124,1,40,1600,272,
867,950,16467,6,-102,120,1,40,1610,270,
860,946,16474,7,-107,116,1,37,1615,275,
858,954,16462,8,-109,119,1,37,1609,269,
865,961,16471,3,-101,118,1,51,1607,273,
862,956,16469,3,-103,116,1,38,1602,268,
863,943,16479,4,-110,119,1,52,1606,272,
863,951,16482,7,-113,114,1,43,1607,271,
866,953,16482,7,-113,120,1,47,1605,271,
870,956,16479,6,-110,118,1,40,1598,276,
871,945,16477,6,-111,123,1,49,1605,275,
863,951,16487,5,-112,119,1,44,1604,272,
853,948,16477,0,-112,116,1,47,1597,269,
864,946,16477,1,-107,115,1,46,1606,276,
860,953,16479,7,-109,118,1,35,1607,281,
860,946,16471,6,-106,117,1,42,1604,268,
856,951,16461,7,-106,118,1,50,1602,274,
860,951,16460,7,-108,117,1,43,1607,271,
860,947,16452,12,-108,117,1,46,1612,276,
860,951,16453,7,-107,114,1,47,1605,271,
852,946,16467,7,-110,111,1,41,1609,273,
851,947,16480,7,-109,110,1,49,1605,269,
856,951,16468,7,-109,112,1,35,1609,275,
863,946,16449,7,-114,116,1,44,1616,274,
867,951,16446,5,-110,118,1,43,1605,275,
858,946,16473,3,-108,121,1,46,1606,268,
857,949,16479,5,-103,118,1,48,1610,274,
862,952,16479,4,-108,116,1,40,1606,272,
856,952,16486,1,-110,116,1,43,1605,271,
851,951,16473,2,-108,112,1,40,1606,274,
861,952,16472,4,-102,111,1,33,1603,273,
862,941,16473,4,-104,112,1,48,1606,272,
854,945,16465,3,-105,111,1,40,1608,270,
854,952,16452,4,-108,117,1,43,1603,273,
854,944,16455,6,-103,121,1,35,1607,277,
866,954,16437,8,-102,118,1,47,1617,269,
858,948,16475,7,-104,116,1,42,1604,272,
854,949,16475,9,-106,114,1,45,1609,269,
851,955,16472,7,-106,116,1,46,1606,272,
855,957,16464,8,-105,113,1,44,1608,266,
857,954,16458,6,-108,116,1,45,1599,269,
853,947,16457,8,-104,117,1,39,1599,277,
856,941,16465,4,-106,117,1,41,1599,273,
859,929,16466,5,-112,119,1,41,1605,273,
858,933,16463,9,-106,118,1,38,1614,276,
859,939,16460,7,-109,118,1,46,1604,278,
859,931,16454,7,-106,115,1,40,1604,266,
860,942,16462,7,-102,115,1,44,1600,274,
853,937,16472,5,-105,114,1,40,1610,276,
860,934,16474,6,-105,117,1,37,1603,279,
858,940,16478,1,-109,116,1,39,1607,271,
852,941,16479,0,-110,115,1,38,1596,280,
856,938,16484,0,-107,114,1,45,1609,269,
854,946,16481,2,-107,115,1,36,1602,280,
861,939,16474,-3,-107,115,1,41,1599,279,
862,949,16460,0,-102,112,1,41,1603,279,
863,947,16455,4,-105,116,1,37,1601,267,
856,946,16467,7,-103,114,1,45,1609,277,
858,947,16467,8,-107,115,1,46,1606,272,
858,943,16462,9,-108,117,1,47,1605,267,
858,933,16477,5,-103,118,1,39,1603,273,
853,928,16469,1,-105,120,1,46,1616,268,
847,931,16461,5,-111,120,1,37,1613,271,
853,942,16485,5,-108,116,1,41,1607,283,
852,940,16475,6,-108,113,1,48,1604,274,
856,952,16470,3,-109,115,1,43,1613,277,
858,952,16474,5,-110,116,1,47,1603,275,
856,951,16458,6,-112,115,1,31,1607,273,
844,952,16466,6,-114,116,1,35,1593,271,
855,949,16466,7,-111,114,1,44,1604,274,
849,945,16476,5,-107,114,1,43,1609,281,
857,948,16479,6,-108,115,1,37,1595,275,
854,949,16466,4,-108,120,1,46,1608,274,
856,957,16459,6,-106,118,1,44,1610,272,
855,948,16464,3,-109,121,1,44,1610,270,
862,948,16461,5,-108,119,1,40,1608,280,
858,953,16473,6,-111,115,1,32,1614,278,
848,952,16464,2,-107,113,1,39,1605,281,
850,948,16468,5,-102,119,1,48,1606,278,
850,951,16474,4,-104,120,1,45,1605,271,
849,953,16478,3,-100,121,1,39,1609,283,
859,958,16483,1,-103,121,1,48,1602,282,
847,962,16490,4,-105,116,1,43,1613,269,
845,962,16471,7,-106,117,1,47,1605,271,
842,955,16472,5,-108,115,1,46,1608,278,
852,944,16470,7,-109,117,1,45,1613,271,
857,943,16481,6,-110,114,1,42,1606,274,
854,953,16481,7,-104,115,1,42,1612,272,
856,946,16476,5,-103,114,1,35,1607,267,
848,941,16479,5,-108,114,1,48,1612,270,
847,944,16475,9,-106,112,1,46,1598,270,
850,945,16466,5,-103,116,1,42,1608,270,
855,953,16467,0,-103,116,1,41,1605,269,
857,942,16467,4,-105,116,1,41,1613,277,
850,941,16461,5,-104,117,1,38,1606,268,
852,940,16463,9,-110,116,1,49,1609,271,
861,944,16467,9,-107,115,1,41,1599,285,
863,942,16474,7,-105,119,1,39,1605,275,
863,945,16475,8,-107,116,1,42,1604,270,
859,947,16473,11,-104,113,1,35,1605,277,
856,958,16477,10,-107,113,1,38,1604,274,
858,953,16471,8,-106,112,1,41,1605,277,
841,950,16476,4,-109,113,1,48,1602,276,
856,951,16472,5,-112,117,1,47,1607,275,
859,943,16479,8,-108,116,1,39,1609,263,
857,944,16466,6,-111,112,1,50,1604,272,
856,951,16467,9,-110,115,1,39,1601,269,
860,958,16468,9,-108,117,1,50,1598,270,
857,954,16467,6,-106,118,1,37,1611,269,
850,949,16468,4,-109,116,1,41,1609,269,
856,954,16475,5,-110,120,1,39,1607,273,
847,956,16464,6,-108,117,1,48,1610,278,
855,940,16454,9,-107,116,1,44,1606,274,
859,950,16449,8,-108,115,1,47,1609,273,
861,952,16477,6,-106,119,1,45,1607,273,
848,949,16459,6,-107,121,1,38,1606,272,
855,955,16465,4,-113,118,1,44,1614,274,
854,966,16459,6,-106,116,1,41,1607,281,
861,958,16467,2,-106,116,1,37,1607,273,
865,946,16464,10,-105,115,1,47,1609,271,
868,951,16479,14,-107,116,1,42,1606,272,
861,950,16481,9,-107,110,1,35,1603,271,
854,942,16465,5,-105,113,1,46,1600,270,
854,939,16456,7,-103,116,1,43,1609,281,
858,950,16460,8,-105,116,1,43,1597,275,
844,961,16464,6,-102,116,1,44,1606,274,
850,953,16458,6,-109,114,1,42,1602,278,
844,947,16468,11,-109,113,1,44,1602,276,
851,941,16475,11,-112,115,1,42,1610,266,
855,940,16473,7,-109,118,1,42,1602,278,
865,940,16467,7,-113,114,1,37,1611,275,
860,946,16466,9,-113,112,1,35,1607,269,
860,942,16476,8,-113,113,1,41,1611,277,
849,941,16460,2,-111,117,1,41,1607,269,
851,944,16467,3,-110,114,1,37,1611,269,
856,950,16474,3,-107,112,1,50,1602,268,
856,949,16462,5,-102,112,1,42,1612,274,
856,945,16468,3,-100,111,1,40,1604,282,
856,952,16476,4,-106,111,1,46,1600,278,
859,949,16465,6,-108,112,1,44,1616,276,
853,964,16472,4,-111,112,1,49,1609,277,
854,960,16469,1,-110,115,1,53,1609,273,
855,954,16465,5,-109,116,1,50,1610,278,
858,958,16467,3,-108,113,1,51,1609,275,
863,954,16463,10,-114,115,1,41,1601,279,
860,959,16473,10,-106,117,1,47,1607,275,
856,959,16474,9,-104,116,1,51,1605,277,
865,958,16469,9,-104,112,1,43,1611,279,
864,950,16470,9,-108,115,1,50,1612,270,
852,947,16473,11,-106,116,1,41,1609,275,
853,945,16481,9,-111,114,1,38,1610,276,
858,948,16489,6,-112,115,1,46,1612,272,
858,949,16469,1,-108,116,1,39,1607,263,
869,951,16473,6,-104,117,1,37,1603,271,
862,947,16478,6,-101,118,1,44,1610,278,
852,949,16475,6,-105,118,1,46,1608,280,
861,952,16469,7,-107,113,1,42,1602,274,
860,952,16468,6,-106,119,1,50,1606,272,
870,951,16465,7,-108,115,1,40,1612,280,
862,949,16465,8,-107,112,1,38,1608,270,
872,945,16472,8,-110,113,1,40,1612,278,
866,952,16478,11,-106,115,1,45,1609,275,
857,958,16483,9,-105,119,1,44,1602,270,
856,958,16469,7,-108,114,1,49,1611,273,
852,960,16468,4,-109,114,1,45,1615,265,
855,944,16467,3,-106,110,1,40,1616,272,
857,943,16473,3,-102,115,1,41,1605,277,
853,944,16478,3,-102,116,1,40,1608,260,
853,948,16469,7,-101,109,1,33,1605,271,
850,951,16463,10,-107,114,1,38,1602,272,
852,943,16467,8,-108,120,1,47,1615,267,
838,936,16463,9,-102,115,1,48,1604,268,
847,951,16459,10,-104,114,1,39,1607,267,
851,943,16458,6,-105,114,1,43,1603,267,
853,949,16457,7,-110,110,1,51,1603,269,
861,958,16457,7,-107,112,1,40,1610,270,
857,950,16456,7,-106,116,1,46,1602,266,
860,947,16451,6,-111,115,1,43,1611,271,
861,954,16471,8,-113,113,1,41,1611,269,
861,957,16460,7,-108,116,1,45,1601,271,
862,951,16475,6,-106,114,1,44,1602,262,
858,949,16448,5,-106,112,1,49,1607,273,
856,952,16466,8,-105,113,1,30,1602,270,
842,945,16467,8,-108,116,1,42,1606,270,
851,939,16465,10,-102,118,1,42,1608,272,
844,938,16449,7,-107,119,1,39,1605,277,
857,946,16461,5,-108,119,1,34,1610,274,
860,948,16467,7,-106,113,1,43,1609,279,
860,949,16454,3,-105,113,1,41,1607,279,
851,957,16476,6,-110,114,1,45,1605,279,
852,945,16464,7,-110,117,1,41,1603,271,
864,948,16458,8,-111,115,1,44,1608,272,
856,951,16450,8,-108,116,1,36,1610,268,
854,944,16460,10,-105,117,1,44,1612,268,
852,944,16467,2,-111,115,1,42,1606,284,
849,952,16486,6,-113,111,1,38,1606,268,
851,956,16472,3,-109,117,1,38,1614,268,
852,955,16465,0,-112,115,1,48,1614,268,
846,953,16449,3,-110,112,1,39,1603,267,
846,948,16447,3,-108,119,1,42,1606,264,
845,945,16465,10,-108,115,1,49,1607,273,
853,952,16465,5,-108,116,1,39,1609,273,
854,953,16467,4,-112,117,1,40,1610,272,
852,948,16462,4,-103,118,1,36,1604,272,
849,945,16462,8,-109,115,1,44,1604,276,
855,949,16476,5,-106,114,1,44,1610,272,
858,955,16482,4,-105,118,1,42,1610,270,
843,959,16484,5,-105,111,1,48,1614,280,
848,955,16483,5,-106,118,1,43,1605,269,
854,959,16470,7,-109,118,1,35,1607,273,
858,955,16459,4,-108,114,1,48,1598,268,
858,957,16463,2,-107,114,1,43,1605,271,
866,960,16456,5,-107,115,1,42,1608,274,
856,955,16473,4,-104,117,1,43,1605,277,
859,954,16484,3,-102,114,1,51,1597,275,
853,947,16471,4,-108,115,1,45,1609,275,
857,955,16454,2,-107,117,1,42,1608,268,
860,946,16466,0,-109,115,1,41,1607,271,
855,946,16466,2,-104,117,1,44,1612,280,
853,944,16472,4,-100,116,1,50,1606,272,
857,956,16471,7,-105,115,1,46,1604,270,
856,957,16471,7,-110,115,1,48,1606,270,
856,952,16459,3,-109,116,1,44,1612,276,
857,955,16460,6,-109,115,1,38,1612,276,
866,953,16454,2,-105,113,1,36,1606,272,
855,954,16455,6,-108,117,1,39,1613,271,
858,949,16461,4,-108,115,1,44,1606,270,
854,943,16452,8,-109,116,1,38,1608,276,
856,946,16451,9,-108,115,1,38,1604,270,
852,954,16458,6,-105,113,1,50,1604,272,
850,956,16457,7,-106,115,1,41,1605,281,
850,956,16453,4,-109,111,1,49,1611,275,
855,965,16455,4,-109,109,1,42,1602,274,
859,956,16460,6,-104,109,1,39,1607,275,
855,959,16441,3,-107,111,1,43,1605,269,
863,951,16462,3,-107,109,1,51,1609,271,
864,957,16465,5,-109,113,1,38,1604,268,
854,944,16452,8,-110,115,1,46,1614,266,
844,951,16459,10,-111,111,1,36,1606,270,
844,951,16462,6,-112,110,1,47,1611,281,
843,954,16456,5,-101,114,1,41,1601,277,
844,949,16450,7,-104,114,1,39,1605,279,
858,948,16471,5,-106,116,1,47,1613,277,
861,957,16471,7,-110,118,1,44,1606,276,
860,962,16468,8,-104,116,1,44,1610,278,
864,954,16459,9,-108,112,1,42,1608,284,
865,956,16481,5,-101,110,1,45,1609,277,
865,949,16459,0,-103,111,1,39,1601,273,
862,941,16456,0,-110,107,1,43,1609,259,
861,948,16458,4,-105,107,1,44,1606,266,
854,946,16448,5,-104,109,1,45,1605,277,
854,940,16448,3,-104,115,1,48,1606,278,
863,949,16457,5,-108,112,1,48,1610,280,
857,944,16459,4,-110,112,1,40,1600,272,
863,954,16462,6,-105,115,1,43,1603,273,
856,946,16478,7,-105,115,1,36,1612,276,
863,942,16478,9,-109,115,1,45,1607,273,
868,947,16469,6,-111,119,1,44,1612,276,
856,960,16463,10,-109,120,1,45,1607,275,
859,953,16458,7,-108,116,1,47,1609,269,
856,947,16464,8,-111,115,1,46,1608,268,
862,943,16453,5,-111,114,1,48,1602,272,
861,944,16454,8,-106,113,1,41,1605,273,
864,947,16471,5,-106,115,1,39,1607,267,
859,944,16469,5,-106,114,1,39,1603,269,
861,949,16456,5,-106,114,1,47,1605,275,
860,955,16474,6,-104,114,1,39,1605,277,
856,949,16451,8,-105,111,1,47,1603,275,
859,958,16459,9,-109,111,1,48,1598,276,
862,953,16449,8,-111,111,1,44,1604,274,
856,952,16456,6,-108,111,1,50,1608,266,
855,951,16462,4,-107,113,1,42,1608,278,
854,951,16463,3,-109,113,1,46,1612,274,
859,954,16462,3,-112,117,1,46,1604,274,
858,946,16468,8,-110,116,1,48,1614,268,
865,943,16469,5,-109,116,1,45,1601,263,
870,943,16463,5,-104,115,1,46,1610,270,
863,944,16468,8,-106,116,1,51,1607,273,
861,951,16468,9,-107,119,1,39,1613,273,
856,946,16464,5,-107,117,1,40,1604,270,
857,952,16460,5,-107,116,1,41,1609,275,
855,953,16468,5,-105,117,1,39,1597,275,
856,949,16466,6,-105,117,1,47,1603,261,
860,953,16462,9,-105,111,1,44,1608,280,
857,954,16465,5,-105,118,1,42,1608,274,
856,955,16460,6,-107,121,1,50,1602,276,
856,964,16476,9,-112,120,1,49,1611,269,
860,962,16462,7,-107,114,1,41,1603,267,
865,955,16464,6,-106,114,1,53,1603,271,
857,954,16440,7,-105,117,1,36,1608,276,
857,953,16451,5,-110,112,1,47,1603,275,
854,941,16454,8,-105,115,1,42,1614,274,
850,951,16468,7,-110,116,1,46,1598,276,
845,956,16456,5,-106,114,1,43,1609,275,
850,962,16464,4,-107,119,1,40,1606,274,
847,957,16463,4,-107,118,1,36,1608,280,
846,960,16474,0,-111,119,1,42,1610,270,
842,954,16464,6,-111,118,1,40,1614,272,
846,951,16448,3,-110,118,1,39,1611,275,
851,949,16461,0,-110,116,1,44,1618,276,
856,957,16465,-1,-109,116,1,43,1607,281,
863,949,16456,2,-109,117,1,51,1607,275,
859,959,16441,3,-108,116,1,45,1613,275,
851,963,16443,4,-106,115,1,41,1615,273,
854,952,16462,3,-110,116,1,47,1615,273,
855,958,16476,2,-111,117,1,41,1609,273,
858,949,16461,4,-102,119,1,39,1605,271,
867,942,16467,9,-104,116,1,44,1600,280,
867,952,16462,12,-111,117,1,44,1608,270,
867,958,16457,9,-105,119,1,44,1606,274,
863,949,16437,7,-107,118,1,50,1608,274,
870,941,16433,7,-108,119,1,46,1602,274,
872,942,16450,8,-111,118,1,45,1607,275,
857,946,16433,5,-104,116,1,49,1605,273,
854,946,16445,7,-108,117,1,40,1620,266,
861,945,16459,9,-106,115,1,52,1612,272,
869,941,16460,7,-107,114,1,45,1595,279,
866,947,16449,9,-105,113,1,52,1604,274,
863,956,16445,5,-103,117,1,47,1607,263,
863,960,16449,5,-106,114,1,38,1616,268,
850,959,16452,7,-108,116,1,42,1612,266,
837,950,16463,8,-111,118,1,40,1610,270,
850,948,16452,7,-109,115,1,45,1601,275,
859,953,16450,5,-108,118,1,45,1599,277,
859,946,16461,12,-105,119,1,42,1606,268,
865,948,16455,9,-104,120,1,43,1609,277,
863,950,16449,9,-106,119,1,41,1607,267,
864,946,16458,9,-109,115,1,44,1608,270,
862,942,16461,7,-107,114,1,41,1605,277,
854,945,16463,4,-104,109,1,35,1603,273,
852,950,16473,7,-104,110,1,52,1608,270,
855,957,16477,10,-110,110,1,40,1610,274,
853,966,16461,8,-106,114,1,40,1612,274,
852,958,16462,9,-106,112,1,47,1607,279,
856,949,16467,8,-108,112,1,37,1609,271,
860,960,16469,3,-102,113,1,45,1613,269,
859,947,16461,4,-101,112,1,43,1607,269,
859,948,16464,8,-103,113,1,39,1605,269,
849,950,16465,12,-100,115,1,36,1608,272,
859,950,16465,10,-103,114,1,38,1606,274,
863,956,16462,9,-103,117,1,40,1606,266,
870,956,16464,9,-104,114,1,39,1599,273,
857,962,16465,6,-106,116,1,41,1601,279,
846,963,16463,4,-110,117,1,41,1609,279,
856,962,16472,3,-113,115,1,38,1604,276,
864,963,16468,3,-104,118,1,50,1606,274,
855,963,16477,2,-107,114,1,40,1596,270,
843,957,16479,4,-104,116,1,38,1604,272,
849,957,16495,7,-108,117,1,56,1606,274,
862,953,16486,2,-106,113,1,43,1607,275,
866,955,16467,1,-101,114,1,37,1607,271,
864,953,16464,4,-101,113,1,44,1610,274,
862,955,16464,9,-104,117,1,42,1610,272,
866,950,16449,6,-108,117,1,45,1605,269,
864,951,16456,6,-106,117,1,53,1609,279,
855,947,16475,8,-104,119,1,41,1605,269,
851,941,16468,4,-103,117,1,42,1602,270,
856,949,16471,3,-106,118,1,45,1603,277,
870,958,16460,4,-109,113,1,43,1603,277,
865,961,16459,8,-107,115,1,43,1603,275,
864,952,16467,6,-105,111,1,51,1611,273,
862,951,16467,6,-104,114,1,52,1614,276,
862,946,16472,6,-106,115,1,35,1609,275,
852,940,16471,10,-107,116,1,41,1615,279,
855,949,16472,4,-105,115,1,44,1608,276,
854,958,16467,5,-107,118,1,44,1606,276,
859,955,16470,7,-104,114,1,44,1606,278,
867,944,16458,10,-102,110,1,38,1596,272,
860,953,16460,7,-104,115,1,42,1610,278,
864,945,16451,9,-103,121,1,45,1609,285,
863,948,16465,4,-102,117,1,45,1599,269,
856,953,16456,2,-105,113,1,46,1608,270,
840,940,16464,3,-101,116,1,44,1610,278,
852,943,16464,5,-103,116,1,46,1606,278,
857,949,16459,6,-108,115,1,43,1607,273,
851,958,16465,3,-105,116,1,46,1610,276,
852,955,16452,9,-102,116,1,40,1606,268,
854,957,16456,4,-110,118,1,41,1617,273,
855,952,16469,5,-108,117,1,44,1610,266,
855,953,16461,3,-109,113,1,52,1598,272,
857,951,16465,2,-111,115,1,46,1606,270,
864,955,16459,3,-111,114,1,39,1611,275,
862,951,16462,5,-106,115,1,45,1599,271,
853,955,16460,5,-104,113,1,36,1608,272,
854,947,16455,6,-104,112,1,34,1608,272,
852,947,16459,6,-104,110,1,40,1608,270,
852,944,16461,9,-104,113,1,45,1605,271,
845,950,16453,7,-111,118,1,48,1600,270,
843,947,16454,7,-110,119,1,44,1604,272,
847,964,16459,5,-109,113,1,51,1609,271,
859,961,16462,3,-109,116,1,39,1607,267,
854,952,16464,3,-107,115,1,46,1610,268,
852,942,16461,6,-108,115,1,42,1608,278,
851,945,16454,7,-111,117,1,43,1603,267,
859,947,16467,4,-109,115,1,51,1603,271,
866,944,16464,7,-107,113,1,48,1602,266,
861,945,16464,7,-106,115,1,50,1602,280,
867,949,16455,5,-111,116,1,47,1603,275,
853,948,16460,3,-107,119,1,45,1605,281,
852,949,16446,6,-111,116,1,53,1615,281,
857,951,16457,6,-112,115,1,46,1606,268,
852,946,16454,6,-108,115,1,34,1606,276,
851,940,16460,4,-109,117,1,45,1605,271,
852,953,16448,2,-106,117,1,31,1611,267,
846,956,16451,0,-105,118,1,40,1606,270,
849,953,16467,-2,-103,115,1,42,1604,270,
854,950,16483,0,-104,116,1,48,1614,274,
857,951,16483,3,-108,116,1,37,1607,269,
851,955,16471,3,-109,119,1,47,1605,269,
856,951,16462,3,-106,118,1,47,1605,273,
863,956,16460,6,-108,115,1,44,1608,274,
858,957,16466,10,-106,116,1,45,1603,271,
854,939,16456,7,-105,114,1,43,1611,267,
863,947,16464,6,-107,115,1,40,1606,276,
863,954,16450,4,-111,112,1,49,1605,277,
866,957,16467,3,-113,114,1,45,1615,271,
865,952,16464,2,-108,113,1,37,1603,269,
865,951,16467,8,-106,114,1,44,1602,274,
861,953,16477,9,-106,113,1,41,1609,275,
850,955,16477,7,-105,119,1,43,1601,267,
851,958,16467,3,-107,120,1,34,1606,268,
850,954,16472,5,-105,115,1,55,1603,277,
840,950,16461,8,-96,112,1,47,1611,281,
845,950,16469,7,-101,118,1,44,1606,272,
855,951,16472,10,-104,115,1,46,1604,278,
867,949,16473,11,-106,113,1,40,1608,278,
864,950,16473,8,-109,117,1,40,1608,280,
856,961,16457,9,-112,116,1,47,1609,273,
861,947,16465,8,-115,116,1,41,1611,273,
857,957,16467,7,-110,121,1,44,1608,270,
858,961,16470,8,-108,118,1,45,1609,273,
858,954,16479,7,-104,121,1,43,1609,277,
846,945,16482,7,-107,115,1,48,1606,262,
855,954,16476,7,-102,118,1,42,1602,272,
857,951,16470,9,-103,117,1,48,1606,284,
862,949,16453,7,-106,120,1,40,1608,272,
866,954,16461,4,-107,117,1,43,1607,281,
857,952,16483,8,-111,117,1,43,1605,271,
852,956,16469,6,-108,117,1,44,1612,272,
848,948,16463,6,-105,110,1,52,1606,272,
855,950,16445,6,-106,115,1,46,1606,270,
849,945,16448,4,-101,115,1,45,1599,271,
848,958,16451,4,-105,114,1,43,1607,269,
846,950,16459,4,-106,114,1,35,1613,269,
856,955,16460,2,-111,112,1,42,1604,282,
864,951,16456,5,-108,114,1,40,1602,272,
859,951,16470,6,-107,115,1,46,1604,278,
857,944,16479,2,-105,113,1,45,1601,271,
853,951,16469,3,-102,112,1,40,1604,282,
852,953,16465,4,-106,111,1,49,1603,269,
854,948,16474,4,-105,114,1,35,1609,277,
859,949,16479,7,-108,112,1,42,1606,270,
867,943,16482,4,-106,113,1,47,1599,277,
866,946,16470,4,-106,113,1,44,1608,276,
855,952,16468,5,-104,114,1,43,1609,275,
857,949,16472,3,-101,114,1,46,1614,280,
853,951,16465,4,-104,118,1,46,1610,272,
849,953,16464,4,-100,116,1,39,1605,275,
839,956,16468,9,-101,117,1,49,1605,269,
850,951,16456,4,-101,117,1,48,1604,282,
857,949,16463,6,-104,113,1,42,1598,270,
860,942,16455,6,-105,113,1,43,1605,277,
851,947,16459,3,-105,112,1,33,1607,273,
849,941,16467,4,-109,114,1,43,1609,279,
853,942,16477,5,-111,113,1,36,1606,272,
863,946,16461,1,-111,114,1,53,1613,279,
862,951,16456,7,-109,119,1,43,1603,271,
860,941,16472,6,-110,115,1,41,1607,275,
863,943,16481,2,-114,114,1,40,1598,266,
860,951,16492,2,-111,114,1,41,1605,279,
860,953,16488,3,-112,115,1,51,1605,267,
864,957,16472,6,-109,116,1,44,1600,278,
867,951,16466,4,-108,115,1,43,1605,279,
858,948,16460,4,-108,115,1,44,1602,276,
856,950,16467,7,-114,115,1,43,1605,279,
854,947,16462,10,-113,113,1,44,1602,278,
859,950,16468,6,-114,115,1,37,1611,281,
861,951,16468,7,-113,117,1,50,1604,276,
855,954,16464,6,-114,117,1,42,1600,276,
864,958,16461,5,-109,112,1,40,1606,274,
858,970,16460,3,-109,117,1,40,1596,274,
860,962,16468,3,-108,117,1,38,1612,272,
869,955,16461,8,-110,114,1,44,1608,272,
865,953,16462,7,-112,113,1,41,1603,277,
855,946,16463,8,-111,113,1,46,1606,278,
853,947,16493,6,-114,116,1,44,1600,266,
855,955,16473,5,-110,115,1,46,1602,272,
859,960,16477,4,-109,116,1,45,1607,275,
857,964,16465,1,-111,116,1,43,1613,269,
856,955,16479,4,-114,118,1,40,1614,280,
849,949,16459,6,-108,122,1,39,1605,273,
858,961,16460,6,-106,117,1,41,1611,275,
851,958,16478,4,-105,117,1,49,1607,269,
850,956,16474,7,-104,117,1,49,1609,277,
854,961,16487,6,-103,113,1,45,1609,275,
851,966,16496,8,-105,112,1,39,1605,275,
847,969,16493,7,-111,117,1,39,1611,265,
852,959,16464,10,-108,115,1,41,1607,277,
864,948,16464,8,-111,111,1,45,1615,273,
862,952,16473,7,-110,109,1,41,1613,277,
865,944,16470,8,-110,114,1,46,1612,276,
864,942,16466,5,-111,115,1,40,1602,276,
868,941,16457,6,-111,115,1,48,1606,276,
864,943,16464,7,-108,112,1,40,1610,280,
856,951,16475,6,-109,112,1,52,1604,272,
861,954,16475,2,-113,113,1,46,1614,268,
855,953,16463,4,-113,113,1,40,1598,266,
854,957,16456,3,-107,114,1,45,1603,275,
860,958,16451,5,-106,111,1,43,1609,269,
853,954,16464,5,-104,111,1,45,1609,273,
858,945,16465,10,-106,116,1,43,1609,269,
856,953,16470,13,-107,115,1,48,1606,270,
851,954,16470,8,-102,115,1,42,1612,274,
847,953,16478,6,-106,115,1,42,1610,272,
856,954,16464,9,-103,114,1,46,1602,266,
859,961,16464,11,-108,112,1,50,1602,276,
862,951,16464,9,-105,112,1,40,1606,274,
854,960,16465,12,-107,113,1,43,1601,279,
854,958,16464,7,-105,114,1,48,1604,274,
845,946,16469,6,-102,116,1,40,1604,266,
840,947,16480,3,-106,117,1,39,1601,267,
856,944,16469,5,-102,117,1,42,1604,274,
841,948,16470,10,-104,121,1,44,1606,274,
853,951,16472,5,-104,119,1,40,1608,274,
855,950,16461,7,-108,120,1,41,1605,279,
858,947,16469,7,-106,118,1,42,1604,280,
850,939,16478,10,-107,120,1,38,1608,266,
851,956,16456,10,-107,118,1,44,1604,274,
847,965,16469,5,-104,114,1,38,1604,272,
857,962,16477,6,-105,115,1,53,1611,277,
852,968,16480,8,-109,116,1,40,1610,276,
854,957,16469,5,-108,118,1,45,1613,279,
847,954,16469,5,-107,117,1,41,1605,265,
848,960,16460,4,-108,118,1,42,1608,270,
847,955,16460,6,-108,115,1,49,1607,269,
846,956,16474,5,-110,116,1,49,1609,265,
841,951,16465,7,-104,115,1,43,1611,279,
848,950,16459,8,-104,116,1,54,1614,272,
853,954,16462,12,-107,115,1,41,1603,273,
845,952,16455,11,-105,113,1,52,1606,274,
852,953,16451,11,-108,114,1,41,1607,277,
858,955,16458,9,-109,115,1,39,1605,273,
851,958,16467,7,-104,121,1,56,1612,272,
842,950,16465,8,-103,121,1,54,1612,270,
853,945,16474,8,-107,117,1,41,1599,267,
846,968,16479,5,-107,116,1,49,1599,273,
852,963,16466,6,-110,114,1,38,1614,278,
859,958,16460,2,-112,114,1,42,1608,270,
856,951,16458,6,-106,113,1,43,1603,275,
858,953,16470,3,-102,114,1,43,1607,273,
856,956,16472,0,-109,117,1,44,1606,270,
860,960,16475,3,-110,114,1,40,1600,270,
864,955,16474,5,-108,115,1,45,1609,277,
860,951,16457,7,-103,113,1,44,1612,270,
853,955,16456,10,-106,117,1,43,1603,273,
851,954,16467,3,-105,119,1,41,1597,273,
846,951,16466,5,-107,119,1,44,1612,274,
851,952,16462,5,-107,119,1,47,1609,271,
849,946,16447,9,-109,116,1,42,1610,282,
851,952,16441,5,-108,113,1,42,1602,272,
852,952,16468,5,-108,113,1,44,1606,274,
860,952,16459,2,-108,114,1,41,1607,273,
851,949,16464,-2,-108,114,1,49,1615,273,
857,954,16471,4,-108,114,1,44,1600,276,
850,953,16480,6,-109,117,1,44,1604,278,
853,944,16461,8,-107,114,1,41,1605,277,
848,930,16458,8,-111,118,1,41,1601,269,
851,945,16451,10,-109,119,1,43,1601,273,
850,951,16454,11,-108,117,1,51,1613,275,
852,953,16450,8,-113,119,1,44,1600,268,
855,951,16461,8,-113,116,1,40,1604,276,
849,951,16465,10,-110,120,1,40,1608,270,
855,953,16464,5,-105,117,1,43,1603,265,
860,943,16458,4,-109,117,1,51,1609,271,
864,947,16470,7,-113,116,1,45,1615,273,
864,947,16459,3,-105,115,1,48,1604,266,
868,951,16458,6,-106,119,1,39,1605,275,
863,957,16451,5,-109,120,1,38,1600,270,
859,960,16450,8,-109,116,1,49,1599,271,
856,961,16449,14,-107,115,1,46,1610,274,
856,958,16466,13,-106,118,1,49,1609,269,
859,961,16467,11,-106,116,1,41,1603,279,
859,957,16483,11,-108,115,1,54,1604,272,
861,944,16480,2,-107,118,1,44,1606,280,
855,951,16460,6,-109,117,1,44,1598,272,
854,951,16458,7,-108,114,1,42,1608,274,
842,956,16460,8,-102,115,1,43,1601,289,
851,952,16465,6,-105,115,1,47,1605,271,
850,961,16467,4,-103,114,1,38,1602,276,
852,960,16467,4,-104,117,1,42,1604,276,
864,958,16472,2,-107,115,1,47,1601,277,
858,952,16475,5,-105,114,1,38,1608,278,
851,951,16473,2,-104,116,1,47,1609,269,
854,947,16461,3,-108,117,1,40,1612,286,
858,959,16465,6,-108,115,1,36,1604,276,
860,960,16472,6,-104,112,1,52,1606,278,
857,957,16472,8,-108,112,1,40,1606,274,
849,959,16464,4,-101,114,1,36,1608,278,
853,960,16476,3,-108,114,1,41,1599,275,
861,963,16474,4,-104,117,1,47,1607,275,
858,960,16474,2,-110,117,1,42,1604,274,
843,963,16476,4,-112,115,1,42,1608,268,
847,952,16462,4,-106,114,1,42,1606,276,
851,956,16475,7,-109,113,1,45,1611,275,
857,958,16471,5,-110,114,1,47,1607,277,
854,962,16467,6,-108,113,1,41,1603,277,
861,955,16472,4,-108,113,1,43,1607,273,
861,951,16470,5,-108,116,1,40,1604,282,
859,956,16468,4,-108,120,1,44,1612,274,
858,955,16473,5,-111,119,1,45,1611,265,
855,947,16482,2,-109,118,1,48,1610,274,
857,952,16474,3,-104,117,1,38,1602,278,
862,949,16463,4,-100,117,1,42,1608,268,
862,950,16460,2,-104,119,1,33,1607,273,
865,955,16466,3,-107,118,1,47,1601,269,
868,958,16454,2,-110,115,1,49,1603,267,
868,959,16453,2,-110,116,1,48,1610,280,
857,947,16480,2,-108,118,1,48,1606,272,
859,945,16477,4,-111,120,1,44,1616,268,
862,950,16477,3,-108,121,1,48,1602,276,
862,949,16483,2,-110,120,1,44,1606,270,
858,955,16493,3,-115,118,1,48,1610,272,
850,957,16491,5,-113,119,1,44,1608,280,
852,950,16464,3,-110,120,1,37,1603,277,
853,962,16447,2,-110,118,1,50,1606,274,
846,959,16449,2,-114,117,1,41,1601,279,
856,965,16464,2,-113,116,1,47,1619,277,
854,958,16455,4,-108,113,1,39,1611,279,
843,949,16464,7,-102,114,1,43,1609,275,
847,956,16474,4,-105,116,1,37,1605,279,
844,957,16481,4,-104,117,1,48,1610,276,
849,963,16475,4,-103,119,1,41,1605,275,
857,957,16465,3,-106,117,1,39,1609,277,
863,950,16450,1,-107,116,1,43,1605,275,
871,957,16454,0,-110,117,1,42,1604,270,
855,960,16487,3,-111,112,1,41,1605,275,
862,949,16471,4,-112,114,1,40,1598,270,
857,944,16465,9,-110,114,1,46,1606,278,
849,946,16456,7,-108,117,1,44,1604,272,
862,952,16481,7,-106,112,1,44,1608,274,
862,957,16483,7,-108,114,1,44,1610,268,
864,957,16486,7,-105,112,1,46,1614,266,
859,956,16462,5,-107,114,1,50,1608,272,
857,957,16484,7,-102,113,1,40,1608,268,
868,956,16472,7,-104,116,1,49,1607,275,
861,960,16464,6,-104,114,1,43,1603,273,
863,958,16478,7,-107,114,1,43,1603,271,
866,957,16484,8,-109,114,1,47,1601,275,
864,961,16477,6,-111,118,1,52,1608,272,
857,958,16475,7,-108,116,1,39,1609,271,
852,951,16466,9,-108,115,1,40,1612,274,
856,954,16464,11,-106,118,1,45,1609,273,
856,954,16453,12,-103,118,1,42,1606,270,
861,950,16445,5,-105,117,1,43,1601,273,
861,946,16443,8,-108,120,1,40,1602,272,
860,947,16459,6,-107,119,1,45,1601,273,
852,957,16449,8,-106,120,1,42,1602,274,
851,958,16453,9,-110,114,1,41,1607,277,
865,954,16458,9,-110,115,1,41,1607,271,
864,956,16468,10,-109,117,1,46,1600,276,
855,948,16471,4,-106,119,1,37,1607,269,
855,943,16475,11,-106,117,1,47,1609,271,
861,942,16463,8,-105,116,1,47,1607,277,
859,957,16466,4,-106,116,1,45,1605,283,
849,948,16474,6,-109,118,1,39,1609,273,
858,960,16476,4,-110,118,1,50,1608,276,
854,954,16458,5,-108,117,1,42,1598,274,
859,955,16457,5,-113,118,1,41,1601,269,
865,954,16453,0,-108,119,1,45,1603,277,
863,952,16455,4,-108,118,1,41,1603,275,
856,959,16466,3,-108,116,1,38,1610,266,
854,955,16452,-2,-108,119,1,46,1608,278,
858,960,16471,3,-109,120,1,42,1604,278,
867,958,16463,5,-106,116,1,45,1609,273,
865,939,16464,7,-104,113,1,42,1610,278,
853,938,16453,5,-105,114,1,41,1611,273,
860,936,16459,7,-107,113,1,40,1610,276,
862,941,16470,6,-105,116,1,47,1603,267,
857,943,16467,8,-107,114,1,42,1606,272,
856,950,16456,6,-105,116,1,51,1607,275,
859,955,16458,7,-106,114,1,46,1606,276,
860,946,16450,6,-106,116,1,40,1610,272,
860,948,16457,3,-105,116,1,50,1604,274,
865,945,16466,6,-111,115,1,45,1617,279,
864,945,16466,6,-110,112,1,47,1607,269,
864,944,16470,5,-108,114,1,52,1606,280,
877,951,16460,7,-105,116,1,45,1607,273,
867,957,16459,6,-108,113,1,44,1608,266,
857,956,16458,9,-111,114,1,39,1607,277,
856,952,16469,9,-110,115,1,43,1607,275,
855,946,16482,9,-107,113,1,40,1612,272,
858,946,16474,7,-110,113,1,43,1613,281,
858,960,16469,9,-109,115,1,42,1610,274,
858,953,16457,4,-102,118,1,38,1606,274,
862,950,16478,5,-104,118,1,41,1603,271,
862,951,16478,4,-103,117,1,45,1603,277,
866,949,16480,-2,-103,121,1,45,1603,273,
862,952,16467,0,-105,116,1,50,1602,270,
857,953,16451,3,-100,113,1,38,1604,270,
859,958,16455,2,-104,114,1,39,1609,269,
864,956,16462,5,-107,116,1,39,1615,271,
863,954,16455,3,-111,115,1,51,1605,277,
854,955,16445,3,-108,115,1,42,1602,274,
852,945,16460,6,-108,116,1,46,1610,268,
851,957,16454,5,-106,122,1,44,1606,266,
858,950,16453,3,-105,119,1,44,1608,274,
863,948,16458,9,-108,115,1,43,1611,269,
870,946,16465,6,-107,116,1,42,1606,272,
864,945,16477,7,-108,114,1,41,1609,265,
859,947,16471,0,-110,114,1,43,1607,275,
860,949,16469,2,-103,116,1,35,1609,269,
858,943,16466,3,-104,112,1,42,1610,280,
860,954,16468,5,-104,115,1,46,1610,282,
863,953,16465,1,-106,115,1,41,1609,277,
861,944,16461,4,-110,118,1,35,1607,269,
860,943,16442,10,-111,117,1,40,1614,274,
867,950,16461,12,-111,119,1,39,1613,269,
860,951,16459,4,-107,118,1,49,1613,273,
866,955,16469,8,-111,118,1,44,1608,276,
867,950,16455,3,-108,119,1,46,1606,270,
862,952,16462,3,-107,119,1,49,1599,275,
863,960,16447,6,-104,115,1,41,1607,277,
863,961,16424,5,-108,113,1,37,1601,273,
855,959,16436,6,-108,114,1,52,1610,276,
859,954,16442,5,-109,119,1,44,1610,272,
861,954,16456,7,-106,117,1,39,1601,267,
864,949,16461,7,-104,117,1,48,1606,278,
851,952,16462,5,-106,115,1,48,1602,276,
849,953,16464,4,-107,115,1,45,1617,269,
856,952,16486,0,-109,115,1,49,1603,273,
869,958,16478,7,-110,115,1,48,1602,270,
866,958,16479,9,-106,114,1,41,1599,275,
865,955,16462,4,-108,117,1,36,1616,270,
864,956,16468,4,-106,116,1,47,1603,279,
871,959,16465,4,-107,116,1,43,1611,271,
867,965,16455,4,-111,120,1,41,1601,277,
857,972,16454,6,-112,118,1,42,1604,276,
857,974,16457,5,-113,112,1,43,1605,279,
856,961,16456,2,-111,115,1,44,1608,270,
857,951,16450,3,-108,116,1,47,1615,271,
863,951,16468,7,-108,113,1,51,1607,273,
862,960,16461,3,-106,112,1,50,1604,276,
849,959,16450,2,-108,117,1,38,1606,276,
853,946,16457,8,-108,115,1,45,1607,273,
849,948,16462,2,-105,114,1,41,1611,271,
850,958,16463,4,-108,112,1,48,1606,282,
859,956,16461,3,-110,110,1,43,1607,281,
851,955,16461,3,-105,113,1,52,1610,274,
852,957,16461,1,-102,113,1,44,1610,272,
855,950,16467,5,-107,113,1,37,1607,267,
851,946,16458,6,-104,112,1,52,1598,278,
854,945,16466,7,-107,115,1,35,1607,267,
861,951,16457,10,-103,117,1,40,1608,268,
868,952,16454,8,-107,116,1,49,1605,275,
865,941,16462,8,-104,117,1,44,1612,274,
849,956,16473,12,-113,117,1,45,1597,265,
864,963,16491,7,-111,116,1,43,1601,279,
860,957,16471,5,-113,116,1,42,1610,274,
862,958,16463,6,-112,114,1,43,1601,267,
850,956,16478,8,-112,118,1,45,1607,271,
855,953,16476,2,-109,120,1,36,1610,272,
853,951,16477,4,-108,117,1,39,1605,267,
858,949,16463,2,-106,116,1,43,1603,279,
867,954,16473,1,-107,118,1,39,1605,267,
873,958,16469,2,-107,118,1,47,1601,271,
867,951,16470,4,-102,111,1,49,1607,273,
869,946,16466,4,-106,115,1,43,1611,269,
856,951,16480,7,-105,114,1,47,1607,273,
853,950,16473,2,-109,114,1,39,1609,269,
840,950,16456,0,-107,112,1,40,1612,268,
857,955,16467,8,-107,114,1,46,1612,270,
867,957,16461,0,-105,113,1,34,1610,276,
868,943,16453,4,-106,114,1,44,1600,270,
872,957,16448,6,-111,111,1,44,1610,284,
883,958,16433,4,-102,116,1,44,1596,268,
844,958,16453,1,-99,115,1,48,1606,274,
838,962,16464,7,-107,117,1,37,1613,269,
848,959,16468,3,-104,115,1,48,1614,282,
854,930,16460,5,-113,116,1,49,1607,271,
870,951,16451,6,-107,112,1,40,1606,276,
862,944,16454,2,-106,117,1,42,1610,270,
842,948,16445,9,-103,113,1,52,1604,278,
852,960,16458,4,-109,110,1,41,1605,271,
844,942,16468,2,-112,110,1,48,1614,272,
845,946,16484,3,-116,111,1,48,1602,274,
857,939,16470,-2,-108,113,1,44,1608,266,
857,942,16479,3,-108,111,1,42,1604,268,
862,953,16460,5,-104,110,1,43,1599,271,
870,950,16464,0,-107,113,1,42,1604,266,
864,961,16487,4,-111,112,1,34,1606,272,
861,968,16465,2,-105,115,1,47,1597,277,
860,953,16455,2,-106,115,1,42,1610,274,
854,953,16456,8,-107,118,1,36,1606,268,
861,951,16462,5,-107,114,1,42,1602,276,
864,945,16463,4,-107,119,1,47,1603,277,
864,943,16452,3,-109,118,1,48,1608,270,
861,946,16444,0,-105,118,1,46,1608,282,
860,953,16449,-1,-108,117,1,44,1600,282,
852,948,16453,0,-104,117,1,39,1607,279,
845,948,16473,0,-106,118,1,41,1605,273,
856,957,16473,5,-109,118,1,49,1601,269,
868,947,16483,1,-104,114,1,46,1606,272,
867,948,16470,8,-100,113,1,45,1609,279,
867,942,16467,5,-102,114,1,37,1609,275,
848,957,16479,8,-102,113,1,47,1611,275,
861,955,16479,2,-104,115,1,49,1607,271,
877,963,16473,2,-109,114,1,33,1599,275,
881,957,16491,5,-115,115,1,41,1605,271,
879,960,16494,10,-113,114,1,39,1611,273,
868,956,16480,4,-110,113,1,45,1605,273,
858,959,16471,6,-108,117,1,44,1610,274,
858,960,16464,3,-110,112,1,42,1606,272,
856,956,16453,9,-113,113,1,38,1608,272,
857,958,16466,3,-106,117,1,34,1600,274,
859,953,16489,2,-105,117,1,41,1611,279,
866,957,16481,0,-114,118,1,47,1607,275,
864,964,16466,4,-104,114,1,47,1609,273,
856,959,16486,4,-107,116,1,45,1611,271,
854,949,16477,4,-101,121,1,43,1607,277,
851,948,16466,9,-102,120,1,46,1608,270,
851,948,16465,9,-107,117,1,48,1604,270,
858,947,16462,2,-102,120,1,39,1609,271,
859,950,16470,8,-106,112,1,48,1612,280,
874,957,16482,8,-107,114,1,41,1609,277,
867,949,16472,5,-102,109,1,38,1602,278,
855,951,16474,7,-107,113,1,52,1604,270,
852,956,16478,8,-112,113,1,45,1603,273,
855,946,16469,3,-115,111,1,42,1596,268,
848,937,16465,6,-112,114,1,37,1609,267,
848,959,16485,12,-120,117,1,38,1606,274,
868,943,16487,-1,-114,116,1,42,1602,274,